fecha_xm,demanda_kwh,prepared_dataset_id,source_dataset_id,source_record_index
2023-08-01,229452780.65,19,38,0
2023-08-02,232348539.81,19,38,1
2023-08-03,236293842.11,19,38,2
2023-08-04,237653207.61,19,38,3
2023-08-05,225707371.76,19,38,4
2023-08-06,204561307.94,19,38,5
2023-08-07,207139511.39,19,38,6
2023-08-08,233396320.14,19,38,7
2023-08-09,235565963.22,19,38,8
2023-08-10,233985414.16,19,38,9
2023-08-11,237484780.13,19,38,10
2023-08-12,227075001.9,19,38,11
2023-08-13,205214357.95,19,38,12
2023-08-14,228227659.59,19,38,13
2023-08-15,229751933.2,19,38,14
2023-08-16,230121982.32,19,38,15
2023-08-17,233440547.43,19,38,16
2023-08-18,235095570.98,19,38,17
2023-08-19,227605341.39,19,38,18
2023-08-20,201562568.17,19,38,19
2023-08-21,202408216.52,19,38,20
2023-08-22,219181625.68,19,38,21
2023-08-23,224726224.4,19,38,22
2023-08-24,228531491.71,19,38,23
2023-08-25,233268691.87,19,38,24
2023-08-26,222899565.16,19,38,25
2023-08-27,201761440.95,19,38,26
2023-08-28,230862321.61,19,38,27
2023-08-29,236739482.44,19,38,28
2023-08-30,240833156.42,19,38,29
2023-08-31,239500163.45,20,39,0
2023-09-01,240238366.23,20,39,1
2023-09-02,225274613.08,20,39,2
2023-09-03,200773348.75,20,39,3
2023-09-04,225647642.01,20,39,4
2023-09-05,235292984.96,20,39,5
2023-09-06,239518184.69,20,39,6
2023-09-07,239598292.56,20,39,7
2023-09-08,239592552.73,20,39,8
2023-09-09,225367564.45,20,39,9
2023-09-10,199333711.94,20,39,10
2023-09-11,230019693.26,20,39,11
2023-09-12,237487784.81,20,39,12
2023-09-13,236899800.22,20,39,13
2023-09-14,237605144.36,20,39,14
2023-09-15,233916372.85,20,39,15
2023-09-16,221964583.18,20,39,16
2023-09-17,202638148.8,20,39,17
2023-09-18,226645593.33,20,39,18
2023-09-19,233327361.53,20,39,19
2023-09-20,236481585.65,20,39,20
2023-09-21,239480606.09,20,39,21
2023-09-22,240307366.79,20,39,22
2023-09-23,224308808.28,20,39,23
2023-09-24,204280688.34,20,39,24
2023-09-25,233463295.32,20,39,25
2023-09-26,236705942.24,20,39,26
2023-09-27,238999389.2,20,39,27
2023-09-28,235953856.61,20,39,28
2023-09-29,236281792.99,20,39,29
2023-09-30,228931328.5,21,40,0
2023-10-01,206469498.15,21,40,1
2023-10-02,233192449.17,21,40,2
2023-10-03,233647455.75,21,40,3
2023-10-04,228134535.04,21,40,4
2023-10-05,231401344.65,21,40,5
2023-10-06,231045581.79,21,40,6
2023-10-07,222008432.08,21,40,7
2023-10-08,198245810.15,21,40,8
2023-10-09,226214164.43,21,40,9
2023-10-10,232537136.08,21,40,10
2023-10-11,233082573.11,21,40,11
2023-10-12,237421162.45,21,40,12
2023-10-13,235880457.44,21,40,13
2023-10-14,220539893.44,21,40,14
2023-10-15,199067656.92,21,40,15
2023-10-16,199687483.17,21,40,16
2023-10-17,228311520.91,21,40,17
2023-10-18,233625556.67,21,40,18
2023-10-19,237384633.44,21,40,19
2023-10-20,231044931.57,21,40,20
2023-10-21,218767556.12,21,40,21
2023-10-22,198554668.05,21,40,22
2023-10-23,229220989.52,21,40,23
2023-10-24,230111343.53,21,40,24
2023-10-25,226704660.29,21,40,25
2023-10-26,222320654.2,21,40,26
2023-10-27,221226099.56,21,40,27
2023-10-28,210935388.01,21,40,28
2023-10-29,189534113.24,21,40,29
2023-10-30,220841534.38,22,41,0
2023-10-31,222307161.48,22,41,1
2023-11-01,220482177.53,22,41,2
2023-11-02,219961039.58,22,41,3
2023-11-03,222621732.05,22,41,4
2023-11-04,215234645.04,22,41,5
2023-11-05,197324197.52,22,41,6
2023-11-06,200605970.33,22,41,7
2023-11-07,224638917.75,22,41,8
2023-11-08,232929997.34,22,41,9
2023-11-09,237717722.03,22,41,10
2023-11-10,235366605.18,22,41,11
2023-11-11,225264597.34,22,41,12
2023-11-12,203276800.62,22,41,13
2023-11-13,208387046.43,22,41,14
2023-11-14,233241721.75,22,41,15
2023-11-15,230760537.37,22,41,16
2023-11-16,233449227.19,22,41,17
2023-11-17,235876210.13,22,41,18
2023-11-18,219636568.92,22,41,19
2023-11-19,196975236.49,22,41,20
2023-11-20,224712386.73,22,41,21
2023-11-21,230482490.53,22,41,22
2023-11-22,231105133.61,22,41,23
2023-11-23,233520703.51,22,41,24
2023-11-24,233306036.02,22,41,25
2023-11-25,219136490.92,22,41,26
2023-11-26,201703572.47,22,41,27
2023-11-27,229600975.93,22,41,28
2023-11-28,233820067.73,22,41,29
2023-11-29,233522591.55,23,42,0
2023-11-30,233996831.76,23,42,1
2023-12-01,231985067.47,23,42,2
2023-12-02,220747053.71,23,42,3
2023-12-03,202890666.68,23,42,4
2023-12-04,232224939.54,23,42,5
2023-12-05,237208242.3,23,42,6
2023-12-06,235673766.94,23,42,7
2023-12-07,229771327.34,23,42,8
2023-12-08,211239994.02,23,42,9
2023-12-09,220541144.32,23,42,10
2023-12-10,207738669.5,23,42,11
2023-12-11,233520730.73,23,42,12
2023-12-12,238309520.87,23,42,13
2023-12-13,237109254.69,23,42,14
2023-12-14,237150208.5,23,42,15
2023-12-15,233568379.22,23,42,16
2023-12-16,220493737.72,23,42,17
2023-12-17,202533133.73,23,42,18
2023-12-18,228428295.92,23,42,19
2023-12-19,230545532.59,23,42,20
2023-12-20,230532177.79,23,42,21
2023-12-21,229030315.8,23,42,22
2023-12-22,228916773.9,23,42,23
2023-12-23,216041927.49,23,42,24
2023-12-24,198776679.84,23,42,25
2023-12-25,188366790.83,23,42,26
2023-12-26,217929336.42,23,42,27
2023-12-27,222296751.41,23,42,28
2023-12-28,221209497.75,23,42,29
2023-12-29,216284431.2,24,43,0
2023-12-30,204557024.34,24,43,1
2023-12-31,191312108.54,24,43,2
2024-01-01,176268815.03,24,43,3
2024-01-02,203896156.39,24,43,4
2024-01-03,214864759.5,24,43,5
2024-01-04,219407971,24,43,6
2024-01-05,221263435.49,24,43,7
2024-01-06,211669045.88,24,43,8
2024-01-07,196821462.33,24,43,9
2024-01-08,200526057.82,24,43,10
2024-01-09,223693219.66,24,43,11
2024-01-10,229886158.11,24,43,12
2024-01-11,232204648.52,24,43,13
2024-01-12,233466707.7,24,43,14
2024-01-13,221761563.05,24,43,15
2024-01-14,202796662.12,24,43,16
2024-01-15,230238563.14,24,43,17
2024-01-16,233566232.27,24,43,18
2024-01-17,235347351.12,24,43,19
2024-01-18,235516542.96,24,43,20
2024-01-19,236210358.82,24,43,21
2024-01-20,225580319.27,24,43,22
2024-01-21,205741318.17,24,43,23
2024-01-22,230957712.83,24,43,24
2024-01-23,234950058.69,24,43,25
2024-01-24,235090091.59,24,43,26
2024-01-25,234704849.42,24,43,27
2024-01-26,236133774.71,24,43,28
2024-01-27,224913911.8,24,43,29
2024-01-28,205376086.28,25,44,0
2024-01-29,231719210.49,25,44,1
2024-01-30,236742608.73,25,44,2
2024-01-31,235122287.27,25,44,3
2024-02-01,232421915.06,25,44,4
2024-02-02,228785114.22,25,44,5
2024-02-03,216827809.92,25,44,6
2024-02-04,198635778.22,25,44,7
2024-02-05,223231306.28,25,44,8
2024-02-06,225763155.64,25,44,9
2024-02-07,222803596.42,25,44,10
2024-02-08,222767893.68,25,44,11
2024-02-09,226098551.35,25,44,12
2024-02-10,219272711.22,25,44,13
2024-02-11,203155554.01,25,44,14
2024-02-12,230458240.61,25,44,15
2024-02-13,234521427.87,25,44,16
2024-02-14,236297242.39,25,44,17
2024-02-15,237749585.1,25,44,18
2024-02-16,239236802.81,25,44,19
2024-02-17,228970389.61,25,44,20
2024-02-18,209583830.87,25,44,21
2024-02-19,234036663.34,25,44,22
2024-02-20,235617467.98,25,44,23
2024-02-21,230906735.3,25,44,24
2024-02-22,229025765.65,25,44,25
2024-02-23,230444855.21,25,44,26
2024-02-24,222317815.32,25,44,27
2024-02-25,202921249.77,25,44,28
2024-02-26,228197446.84,25,44,29
2024-02-27,233711924.77,26,45,0
2024-02-28,234742942.37,26,45,1
2024-02-29,236246634.33,26,45,2
2024-03-01,233279665.22,26,45,3
2024-03-02,221452689.33,26,45,4
2024-03-03,201958835.77,26,45,5
2024-03-04,230318692.86,26,45,6
2024-03-05,234964950.42,26,45,7
2024-03-06,238781235.11,26,45,8
2024-03-07,240474177.16,26,45,9
2024-03-08,241263760.82,26,45,10
2024-03-09,229232667.95,26,45,11
2024-03-10,211143228.58,26,45,12
2024-03-11,238464008.06,26,45,13
2024-03-12,241692095.55,26,45,14
2024-03-13,243336158.5,26,45,15
2024-03-14,244045937.88,26,45,16
2024-03-15,243340904.08,26,45,17
2024-03-16,233230858.34,26,45,18
2024-03-17,212567036.72,26,45,19
2024-03-18,241336180.43,26,45,20
2024-03-19,242093522,26,45,21
2024-03-20,240349715.19,26,45,22
2024-03-21,238682333.75,26,45,23
2024-03-22,241013666.13,26,45,24
2024-03-23,230674187.8,26,45,25
2024-03-24,210670568.14,26,45,26
2024-03-25,215529406.77,26,45,27
2024-03-26,230153758.74,26,45,28
2024-03-27,223176740.78,26,45,29
2024-03-28,200279145.57,27,46,0
2024-03-29,191487614.04,27,46,1
2024-03-30,203364382.41,27,46,2
2024-03-31,199040079.42,27,46,3
2024-04-01,225816448.51,27,46,4
2024-04-02,227770956.23,27,46,5
2024-04-03,230110307.8,27,46,6
2024-04-04,229243602.24,27,46,7
2024-04-05,232203270.17,27,46,8
2024-04-06,225429076.28,27,46,9
2024-04-07,208858251.46,27,46,10
2024-04-08,234325762.84,27,46,11
2024-04-09,235609356.32,27,46,12
2024-04-10,237418757.26,27,46,13
2024-04-11,241226212.38,27,46,14
2024-04-12,241353453.7,27,46,15
2024-04-13,229401389.77,27,46,16
2024-04-14,208784731.25,27,46,17
2024-04-15,235632397.39,27,46,18
2024-04-16,239645768.09,27,46,19
2024-04-17,239419435.42,27,46,20
2024-04-18,236750629.38,27,46,21
2024-04-19,232559720.85,27,46,22
2024-04-20,221976315.86,27,46,23
2024-04-21,201005759.17,27,46,24
2024-04-22,220482073.71,27,46,25
2024-04-23,225161540.61,27,46,26
2024-04-24,230917450.61,27,46,27
2024-04-25,232321344.83,27,46,28
2024-04-26,224543379.21,27,46,29
2024-04-27,217171197.48,28,47,0
2024-04-28,195060843.52,28,47,1
2024-04-29,223038656.59,28,47,2
2024-04-30,228329949.25,28,47,3
2024-05-01,210979989.61,28,47,4
2024-05-02,228433178.03,28,47,5
2024-05-03,229144417.14,28,47,6
2024-05-04,216743785.41,28,47,7
2024-05-05,197988964.81,28,47,8
2024-05-06,229448510.53,28,47,9
2024-05-07,232090596.27,28,47,10
2024-05-08,229046263.94,28,47,11
2024-05-09,225636372.6,28,47,12
2024-05-10,228574220.75,28,47,13
2024-05-11,221669520.84,28,47,14
2024-05-12,199476895.56,28,47,15
2024-05-13,207286478.63,28,47,16
2024-05-14,231119344.12,28,47,17
2024-05-15,230881433.75,28,47,18
2024-05-16,233129087.23,28,47,19
2024-05-17,232876148.37,28,47,20
2024-05-18,224469410.93,28,47,21
2024-05-19,208662289.96,28,47,22
2024-05-20,233373057.53,28,47,23
2024-05-21,227395969.39,28,47,24
2024-05-22,226813051.04,28,47,25
2024-05-23,229508806.12,28,47,26
2024-05-24,231109616.88,28,47,27
2024-05-25,219034567.87,28,47,28
2024-05-26,202979321.97,28,47,29
2024-05-27,224589413.37,29,48,0
2024-05-28,230516829.06,29,48,1
2024-05-29,228616255.25,29,48,2
2024-05-30,227939768.19,29,48,3
2024-05-31,227888837.5,29,48,4
2024-06-01,222327618.57,29,48,5
2024-06-02,205854543.84,29,48,6
2024-06-03,206356764.06,29,48,7
2024-06-04,224796149.98,29,48,8
2024-06-05,226080091.29,29,48,9
2024-06-06,227250986.03,29,48,10
2024-06-07,227629255.72,29,48,11
2024-06-08,221156851.99,29,48,12
2024-06-09,197083887.06,29,48,13
2024-06-10,202111371.35,29,48,14
2024-06-11,221660256.84,29,48,15
2024-06-12,226034653.06,29,48,16
2024-06-13,227388698.63,29,48,17
2024-06-14,226723978.94,29,48,18
2024-06-15,210209244.91,29,48,19
2024-06-16,191064210.3,29,48,20
2024-06-17,223534395.17,29,48,21
2024-06-18,227811070.56,29,48,22
2024-06-19,223723502.03,29,48,23
2024-06-20,223471937.35,29,48,24
2024-06-21,226899542.65,29,48,25
2024-06-22,217128654.81,29,48,26
2024-06-23,198043958.84,29,48,27
2024-06-24,224614569.91,29,48,28
2024-06-25,226950007.86,29,48,29
2024-06-26,225061911.68,30,49,0
2024-06-27,223672339.09,30,49,1
2024-06-28,224473104.65,30,49,2
2024-06-29,214908315.63,30,49,3
2024-06-30,198659310.37,30,49,4
2024-07-01,200774435.93,30,49,5
2024-07-02,224645989.66,30,49,6
2024-07-03,226540339.55,30,49,7
2024-07-04,227900342.43,30,49,8
2024-07-05,220570374.86,30,49,9
2024-07-06,213773308.88,30,49,10
2024-07-07,200059189.19,30,49,11
2024-07-08,227183897.93,30,49,12
2024-07-09,231166782.33,30,49,13
2024-07-10,231932894.52,30,49,14
2024-07-11,232483116.28,30,49,15
2024-07-12,230821247.73,30,49,16
2024-07-13,219987018.62,30,49,17
2024-07-14,203123839.9,30,49,18
2024-07-15,227318470.9,30,49,19
2024-07-16,230377021.31,30,49,20
2024-07-17,233822758.01,30,49,21
2024-07-18,230335711.21,30,49,22
2024-07-19,227135617.2,30,49,23
2024-07-20,209353914.68,30,49,24
2024-07-21,202289165.65,30,49,25
2024-07-22,229463460.36,30,49,26
2024-07-23,231829546.72,30,49,27
2024-07-24,232745949.02,30,49,28
2024-07-25,233661287.06,30,49,29
2024-07-26,232946903.35,31,50,0
2024-07-27,222160474.55,31,50,1
2024-07-28,205438127.94,31,50,2
2024-07-29,233999587.38,31,50,3
2024-07-30,235638114.22,31,50,4
