fecha_xm,hora_xm,energia_kwh,prepared_dataset_id,source_dataset_id,source_record_index
2024-01-01,1,7343431.33,14,33,0
2024-01-01,2,7211670.17,14,33,1
2024-01-01,3,7120953.27,14,33,2
2024-01-01,4,6979871.22,14,33,3
2024-01-01,5,6874838.53,14,33,4
2024-01-01,6,6719708.19,14,33,5
2024-01-01,7,6353959.47,14,33,6
2024-01-01,8,6413032.87,14,33,7
2024-01-01,9,6608176.69,14,33,8
2024-01-01,10,6781851.51,14,33,9
2024-01-01,11,6973743.14,14,33,10
2024-01-01,12,7276154.91,14,33,11
2024-01-01,13,7420865.8,14,33,12
2024-01-01,14,7465276.63,14,33,13
2024-01-01,15,7406883.34,14,33,14
2024-01-01,16,7424919.67,14,33,15
2024-01-01,17,7408575.66,14,33,16
2024-01-01,18,7476257.37,14,33,17
2024-01-01,19,8216351.01,14,33,18
2024-01-01,20,8447142.68,14,33,19
2024-01-01,21,8386776.42,14,33,20
2024-01-01,22,8229807.08,14,33,21
2024-01-01,23,7960772.68,14,33,22
2024-01-01,24,7652476.45,14,33,23
2024-01-02,1,7371594.96,14,33,24
2024-01-02,2,7140225.91,14,33,25
2024-01-02,3,6977312.25,14,33,26
2024-01-02,4,6901507.34,14,33,27
2024-01-02,5,6959992.9,14,33,28
2024-01-02,6,7133788.98,14,33,29
2024-01-02,7,7235131.55,14,33,30
2024-01-02,8,7687079.55,14,33,31
2024-01-02,9,8227971.82,14,33,32
2024-01-02,10,8602564.71,14,33,33
2024-01-02,11,9042982.15,14,33,34
2024-01-02,12,9330071.72,14,33,35
2024-01-02,13,9451414.2,14,33,36
2024-01-02,14,9542699.27,14,33,37
2024-01-02,15,9709100.66,14,33,38
2024-01-02,16,9687374.05,14,33,39
2024-01-02,17,9511487.48,14,33,40
2024-01-02,18,9294836.95,14,33,41
2024-01-02,19,9825159.36,14,33,42
2024-01-02,20,9963165.9,14,33,43
2024-01-02,21,9920278.31,14,33,44
2024-01-02,22,9554145.53,14,33,45
2024-01-02,23,9086783.84,14,33,46
2024-01-02,24,8530960.1,14,33,47
2024-01-03,1,8016604.2,14,33,48
2024-01-03,2,7706276.41,14,33,49
2024-01-03,3,7516356.82,14,33,50
2024-01-03,4,7399209.02,14,33,51
2024-01-03,5,7451266.5,14,33,52
2024-01-03,6,7614052.7,14,33,53
2024-01-03,7,7691425.96,14,33,54
2024-01-03,8,8195557.07,14,33,55
2024-01-03,9,8683920.52,14,33,56
2024-01-03,10,8964734.89,14,33,57
2024-01-03,11,9339257.06,14,33,58
2024-01-03,12,9661152.83,14,33,59
2024-01-03,13,9713350.01,14,33,60
2024-01-03,14,9786097.89,14,33,61
2024-01-03,15,9873173.38,14,33,62
2024-01-03,16,9909113.46,14,33,63
2024-01-03,17,9780598.48,14,33,64
2024-01-03,18,9542242.29,14,33,65
2024-01-03,19,10116305.05,14,33,66
2024-01-03,20,10245454.88,14,33,67
2024-01-03,21,10037739.44,14,33,68
2024-01-03,22,9700354.21,14,33,69
2024-01-03,23,9211233.98,14,33,70
2024-01-03,24,8691126.26,14,33,71
2024-01-04,1,8256838.9,14,33,72
2024-01-04,2,7962333.43,14,33,73
2024-01-04,3,7737597.54,14,33,74
2024-01-04,4,7608465.98,14,33,75
2024-01-04,5,7644696.74,14,33,76
2024-01-04,6,7787782.51,14,33,77
2024-01-04,7,7877370.63,14,33,78
2024-01-04,8,8395617.58,14,33,79
2024-01-04,9,8879305.79,14,33,80
2024-01-04,10,9157936.17,14,33,81
2024-01-04,11,9483555.73,14,33,82
2024-01-04,12,9790977.08,14,33,83
2024-01-04,13,9861156.41,14,33,84
2024-01-04,14,9958608.46,14,33,85
2024-01-04,15,10051335.41,14,33,86
2024-01-04,16,10107402.81,14,33,87
2024-01-04,17,10013133.16,14,33,88
2024-01-04,18,9773526.07,14,33,89
2024-01-04,19,10329294.08,14,33,90
2024-01-04,20,10426458.6,14,33,91
2024-01-04,21,10209152.21,14,33,92
2024-01-04,22,9852508.26,14,33,93
2024-01-04,23,9370093.3,14,33,94
2024-01-04,24,8862452.15,14,33,95
2024-01-05,1,8425908.31,14,33,96
2024-01-05,2,8100729.36,14,33,97
2024-01-05,3,7853036.98,14,33,98
2024-01-05,4,7730484.57,14,33,99
2024-01-05,5,7768116.55,14,33,100
2024-01-05,6,7932477.08,14,33,101
2024-01-05,7,8034058.74,14,33,102
2024-01-05,8,8508040.07,14,33,103
2024-01-05,9,8990602.94,14,33,104
2024-01-05,10,9288615.27,14,33,105
2024-01-05,11,9643033.07,14,33,106
2024-01-05,12,9939888.26,14,33,107
2024-01-05,13,10002501.78,14,33,108
2024-01-05,14,10058352.91,14,33,109
2024-01-05,15,10168089.58,14,33,110
2024-01-05,16,10162909.89,14,33,111
2024-01-05,17,9981518.6,14,33,112
2024-01-05,18,9750719.52,14,33,113
2024-01-05,19,10307869.19,14,33,114
2024-01-05,20,10384483.08,14,33,115
2024-01-05,21,10187665.67,14,33,116
2024-01-05,22,9844341.11,14,33,117
2024-01-05,23,9366178.29,14,33,118
2024-01-05,24,8837859.88,14,33,119
2024-01-06,1,8375447.49,14,33,120
2024-01-06,2,8050186.14,14,33,121
2024-01-06,3,7805502.04,14,33,122
2024-01-06,4,7658057.95,14,33,123
2024-01-06,5,7630288.69,14,33,124
2024-01-06,6,7676002.62,14,33,125
2024-01-06,7,7659852.05,14,33,126
2024-01-06,8,8043800.03,14,33,127
2024-01-06,9,8535022.47,14,33,128
2024-01-06,10,8877944.9,14,33,129
2024-01-06,11,9214539.76,14,33,130
2024-01-06,12,9461340.17,14,33,131
2024-01-06,13,9470100.43,14,33,132
2024-01-06,14,9448648.67,14,33,133
2024-01-06,15,9373191.7,14,33,134
2024-01-06,16,9354659.07,14,33,135
2024-01-06,17,9234516.47,14,33,136
2024-01-06,18,9213251.78,14,33,137
2024-01-06,19,10056516.31,14,33,138
2024-01-06,20,10193830.69,14,33,139
2024-01-06,21,9894833.34,14,33,140
2024-01-06,22,9408893.81,14,33,141
2024-01-06,23,9002800.3,14,33,142
2024-01-06,24,8579120.55,14,33,143
2024-01-07,1,8183208.12,14,33,144
2024-01-07,2,7855479.33,14,33,145
2024-01-07,3,7608946.23,14,33,146
2024-01-07,4,7441681.23,14,33,147
2024-01-07,5,7353939.89,14,33,148
2024-01-07,6,7293980.63,14,33,149
2024-01-07,7,7053203.48,14,33,150
2024-01-07,8,7265826.13,14,33,151
2024-01-07,9,7585855.37,14,33,152
2024-01-07,10,7876197.69,14,33,153
2024-01-07,11,8140833.52,14,33,154
2024-01-07,12,8407736.41,14,33,155
2024-01-07,13,8555829.91,14,33,156
2024-01-07,14,8588032.72,14,33,157
2024-01-07,15,8479478.05,14,33,158
2024-01-07,16,8485865.41,14,33,159
2024-01-07,17,8442307.49,14,33,160
2024-01-07,18,8409856.55,14,33,161
2024-01-07,19,9145555.75,14,33,162
2024-01-07,20,9348105.61,14,33,163
2024-01-07,21,9234439.44,14,33,164
2024-01-07,22,9026827.95,14,33,165
2024-01-07,23,8715069.42,14,33,166
2024-01-07,24,8296935.21,14,33,167
2024-01-08,1,7923711.12,14,33,168
2024-01-08,2,7640145.25,14,33,169
2024-01-08,3,7443398.14,14,33,170
2024-01-08,4,7294163.35,14,33,171
2024-01-08,5,7259378.25,14,33,172
2024-01-08,6,7258218.52,14,33,173
2024-01-08,7,7086128.28,14,33,174
2024-01-08,8,7317752.33,14,33,175
2024-01-08,9,7677608.83,14,33,176
2024-01-08,10,8009445.94,14,33,177
2024-01-08,11,8343068.54,14,33,178
2024-01-08,12,8663106.04,14,33,179
2024-01-08,13,8839476.14,14,33,180
2024-01-08,14,8910072.72,14,33,181
2024-01-08,15,8860248.82,14,33,182
2024-01-08,16,8825406.23,14,33,183
2024-01-08,17,8757992.05,14,33,184
2024-01-08,18,8732113.71,14,33,185
2024-01-08,19,9488172.25,14,33,186
2024-01-08,20,9743939.84,14,33,187
2024-01-08,21,9640475.69,14,33,188
2024-01-08,22,9362899.36,14,33,189
2024-01-08,23,8950528.76,14,33,190
2024-01-08,24,8497945.02,14,33,191
2024-01-09,1,8082669.66,14,33,192
2024-01-09,2,7814857.21,14,33,193
2024-01-09,3,7609489.46,14,33,194
2024-01-09,4,7491219.97,14,33,195
2024-01-09,5,7567166.68,14,33,196
2024-01-09,6,7806342.38,14,33,197
2024-01-09,7,7984872.92,14,33,198
2024-01-09,8,8530647.95,14,33,199
2024-01-09,9,9102044.23,14,33,200
2024-01-09,10,9438533.95,14,33,201
2024-01-09,11,9750272.03,14,33,202
2024-01-09,12,10138487.79,14,33,203
2024-01-09,13,10241978.69,14,33,204
2024-01-09,14,10345241.16,14,33,205
2024-01-09,15,10527235.71,14,33,206
2024-01-09,16,10498022.67,14,33,207
2024-01-09,17,10331654.55,14,33,208
2024-01-09,18,10073902.43,14,33,209
2024-01-09,19,10530117.98,14,33,210
2024-01-09,20,10624840.39,14,33,211
2024-01-09,21,10460668.82,14,33,212
2024-01-09,22,10116012.23,14,33,213
2024-01-09,23,9555430.17,14,33,214
2024-01-09,24,9010257.85,14,33,215
2024-01-10,1,8533446.37,14,33,216
2024-01-10,2,8227628.52,14,33,217
2024-01-10,3,7988300.54,14,33,218
2024-01-10,4,7859816.09,14,33,219
2024-01-10,5,7914946.13,14,33,220
2024-01-10,6,8130572.18,14,33,221
2024-01-10,7,8326741.73,14,33,222
2024-01-10,8,8835753.46,14,33,223
2024-01-10,9,9474694.11,14,33,224
2024-01-10,10,9790172.74,14,33,225
2024-01-10,11,10206000.05,14,33,226
2024-01-10,12,10545232.64,14,33,227
2024-01-10,13,10568506.85,14,33,228
2024-01-10,14,10674324.74,14,33,229
2024-01-10,15,10845924.83,14,33,230
2024-01-10,16,10845312.94,14,33,231
2024-01-10,17,10661601.31,14,33,232
2024-01-10,18,10330325.84,14,33,233
2024-01-10,19,10779529.57,14,33,234
2024-01-10,20,10877413.25,14,33,235
2024-01-10,21,10610660.11,14,33,236
2024-01-10,22,10237177.04,14,33,237
2024-01-10,23,9654113.32,14,33,238
2024-01-10,24,9100598.34,14,33,239
2024-01-11,1,8609230.17,14,33,240
2024-01-11,2,8304355.76,14,33,241
2024-01-11,3,8107634.49,14,33,242
2024-01-11,4,7983584.51,14,33,243
2024-01-11,5,8036593.95,14,33,244
2024-01-11,6,8258517.02,14,33,245
2024-01-11,7,8454919.31,14,33,246
2024-01-11,8,8976642.78,14,33,247
2024-01-11,9,9510423.03,14,33,248
2024-01-11,10,9825940.57,14,33,249
2024-01-11,11,10197643.09,14,33,250
2024-01-11,12,10540054.74,14,33,251
2024-01-11,13,10564112.33,14,33,252
2024-01-11,14,10653138.51,14,33,253
2024-01-11,15,10827517.18,14,33,254
2024-01-11,16,10835482.05,14,33,255
2024-01-11,17,10652999.54,14,33,256
2024-01-11,18,10327258.62,14,33,257
2024-01-11,19,10748291.06,14,33,258
2024-01-11,20,10882201.69,14,33,259
2024-01-11,21,10679013.54,14,33,260
2024-01-11,22,10312411.01,14,33,261
2024-01-11,23,9740277.2,14,33,262
2024-01-11,24,9174046.91,14,33,263
2024-01-12,1,8703824.62,14,33,264
2024-01-12,2,8397544.11,14,33,265
2024-01-12,3,8172949.74,14,33,266
2024-01-12,4,8045478.61,14,33,267
2024-01-12,5,8107842.16,14,33,268
2024-01-12,6,8380665.88,14,33,269
2024-01-12,7,8599307.25,14,33,270
2024-01-12,8,9150691.64,14,33,271
2024-01-12,9,9657709.81,14,33,272
2024-01-12,10,10058173.27,14,33,273
2024-01-12,11,10551642.6,14,33,274
2024-01-12,12,11029225.64,14,33,275
2024-01-12,13,10999884.41,14,33,276
2024-01-12,14,11017668.74,14,33,277
2024-01-12,15,11169934.05,14,33,278
2024-01-12,16,11120992.03,14,33,279
2024-01-12,17,10891549.45,14,33,280
2024-01-12,18,10603384.07,14,33,281
2024-01-12,19,11037370.32,14,33,282
2024-01-12,20,11114351.08,14,33,283
2024-01-12,21,10926767.84,14,33,284
2024-01-12,22,10331164.07,14,33,285
2024-01-12,23,9713876.6,14,33,286
2024-01-12,24,9163563.08,14,33,287
2024-01-13,1,8735514.51,14,33,288
2024-01-13,2,8461119.94,14,33,289
2024-01-13,3,8309113.49,14,33,290
2024-01-13,4,8247359.37,14,33,291
2024-01-13,5,8132911.68,14,33,292
2024-01-13,6,8230538.81,14,33,293
2024-01-13,7,8326717.11,14,33,294
2024-01-13,8,8756235.3,14,33,295
2024-01-13,9,9332955.08,14,33,296
2024-01-13,10,9723935.19,14,33,297
2024-01-13,11,10043125.36,14,33,298
2024-01-13,12,10356820.16,14,33,299
2024-01-13,13,10321165.57,14,33,300
2024-01-13,14,10254016.86,14,33,301
2024-01-13,15,10183754.2,14,33,302
2024-01-13,16,10124246.82,14,33,303
2024-01-13,17,9996737.13,14,33,304
2024-01-13,18,9930417.78,14,33,305
2024-01-13,19,10485871.33,14,33,306
2024-01-13,20,10595225.39,14,33,307
2024-01-13,21,10284897.42,14,33,308
2024-01-13,22,9941116.69,14,33,309
2024-01-13,23,9453174.85,14,33,310
2024-01-13,24,9021185.96,14,33,311
2024-01-14,1,8554194.61,14,33,312
2024-01-14,2,8358060.37,14,33,313
2024-01-14,3,8027183.74,14,33,314
2024-01-14,4,7993372.19,14,33,315
2024-01-14,5,7917924.3,14,33,316
2024-01-14,6,7811037.9,14,33,317
2024-01-14,7,7330243.58,14,33,318
2024-01-14,8,7543216.55,14,33,319
2024-01-14,9,8081311.58,14,33,320
2024-01-14,10,8458975.65,14,33,321
2024-01-14,11,8739263.33,14,33,322
2024-01-14,12,9000776.82,14,33,323
2024-01-14,13,9223454.2,14,33,324
2024-01-14,14,9296780.57,14,33,325
2024-01-14,15,9211433.89,14,33,326
2024-01-14,16,9201651.82,14,33,327
2024-01-14,17,9122755.84,14,33,328
2024-01-14,18,9109073.05,14,33,329
2024-01-14,19,9821232,14,33,330
2024-01-14,20,10161725.01,14,33,331
2024-01-14,21,10097130.9,14,33,332
2024-01-14,22,9872384.53,14,33,333
2024-01-14,23,9460138.54,14,33,334
2024-01-14,24,8912709.75,14,33,335
2024-01-15,1,8250301.08,14,33,336
2024-01-15,2,7977452.09,14,33,337
2024-01-15,3,7747544.04,14,33,338
2024-01-15,4,7693192.95,14,33,339
2024-01-15,5,7776652.22,14,33,340
2024-01-15,6,8080280.59,14,33,341
2024-01-15,7,8338474.43,14,33,342
2024-01-15,8,8919746.17,14,33,343
2024-01-15,9,9643742.5,14,33,344
2024-01-15,10,10137705.87,14,33,345
2024-01-15,11,10467011.22,14,33,346
2024-01-15,12,10761619.89,14,33,347
2024-01-15,13,10819225.44,14,33,348
2024-01-15,14,10966365.37,14,33,349
2024-01-15,15,11205333.99,14,33,350
2024-01-15,16,11220985.36,14,33,351
2024-01-15,17,10997637.44,14,33,352
2024-01-15,18,10642925.51,14,33,353
2024-01-15,19,11033013.85,14,33,354
2024-01-15,20,11287235.64,14,33,355
2024-01-15,21,11120615.14,14,33,356
2024-01-15,22,10723842.1,14,33,357
2024-01-15,23,10058553.65,14,33,358
2024-01-15,24,9319035.54,14,33,359
2024-01-16,1,8676119.68,14,33,360
2024-01-16,2,8340384,14,33,361
2024-01-16,3,8087799.52,14,33,362
2024-01-16,4,7973114.22,14,33,363
2024-01-16,5,8108798.57,14,33,364
2024-01-16,6,8418282.1,14,33,365
2024-01-16,7,8644364.91,14,33,366
2024-01-16,8,9261813.45,14,33,367
2024-01-16,9,9915861.42,14,33,368
2024-01-16,10,10253384.1,14,33,369
2024-01-16,11,10569698.35,14,33,370
2024-01-16,12,10896229.37,14,33,371
2024-01-16,13,10890504.39,14,33,372
2024-01-16,14,11001597.34,14,33,373
2024-01-16,15,11146100.84,14,33,374
2024-01-16,16,11092453.96,14,33,375
2024-01-16,17,10938138.19,14,33,376
2024-01-16,18,10646343.82,14,33,377
2024-01-16,19,10998171.92,14,33,378
2024-01-16,20,11228814.48,14,33,379
2024-01-16,21,11046649.6,14,33,380
2024-01-16,22,10668067.51,14,33,381
2024-01-16,23,10054370.3,14,33,382
2024-01-16,24,9389514.91,14,33,383
2024-01-17,1,8667129.68,14,33,384
2024-01-17,2,8359591.84,14,33,385
2024-01-17,3,8143622.13,14,33,386
2024-01-17,4,8024048.16,14,33,387
2024-01-17,5,8121126.84,14,33,388
2024-01-17,6,8407567.22,14,33,389
2024-01-17,7,8667003.93,14,33,390
2024-01-17,8,9151521.56,14,33,391
2024-01-17,9,9640601.67,14,33,392
2024-01-17,10,9925438.62,14,33,393
2024-01-17,11,10327319.06,14,33,394
2024-01-17,12,10713271.07,14,33,395
2024-01-17,13,10714800.52,14,33,396
2024-01-17,14,10802757.68,14,33,397
2024-01-17,15,11003879.46,14,33,398
2024-01-17,16,11009975.01,14,33,399
2024-01-17,17,10822114.1,14,33,400
2024-01-17,18,10430589.61,14,33,401
2024-01-17,19,10837422.67,14,33,402
2024-01-17,20,11026552.72,14,33,403
2024-01-17,21,10835346.03,14,33,404
2024-01-17,22,10476643.7,14,33,405
2024-01-17,23,9924302.55,14,33,406
2024-01-17,24,9303956.61,14,33,407
2024-01-18,1,8797471.08,14,33,408
2024-01-18,2,8459758.43,14,33,409
2024-01-18,3,8222916.73,14,33,410
2024-01-18,4,8100074.92,14,33,411
2024-01-18,5,8187993.9,14,33,412
2024-01-18,6,8455933.02,14,33,413
2024-01-18,7,8661524.5,14,33,414
2024-01-18,8,9199362.6,14,33,415
2024-01-18,9,9683481.7,14,33,416
2024-01-18,10,10015021.43,14,33,417
2024-01-18,11,10324664.27,14,33,418
2024-01-18,12,10685208.08,14,33,419
2024-01-18,13,10644758.7,14,33,420
2024-01-18,14,10739004.07,14,33,421
2024-01-18,15,10945896.7,14,33,422
2024-01-18,16,10944679.42,14,33,423
2024-01-18,17,10769795.61,14,33,424
2024-01-18,18,10430003.81,14,33,425
2024-01-18,19,10828955.86,14,33,426
2024-01-18,20,10993778.23,14,33,427
2024-01-18,21,10811753.8,14,33,428
2024-01-18,22,10459326.9,14,33,429
2024-01-18,23,9868147.87,14,33,430
2024-01-18,24,9274868.35,14,33,431
2024-01-19,1,8786721.03,14,33,432
2024-01-19,2,8457892.14,14,33,433
2024-01-19,3,8207632.29,14,33,434
2024-01-19,4,8056914.69,14,33,435
2024-01-19,5,8193031.96,14,33,436
2024-01-19,6,8464192.54,14,33,437
2024-01-19,7,8677847.63,14,33,438
2024-01-19,8,9239930.19,14,33,439
2024-01-19,9,9770863.64,14,33,440
2024-01-19,10,10084341.04,14,33,441
2024-01-19,11,10453891.4,14,33,442
2024-01-19,12,10729182.04,14,33,443
2024-01-19,13,10751930.32,14,33,444
2024-01-19,14,10839177.73,14,33,445
2024-01-19,15,11038024.45,14,33,446
2024-01-19,16,11003540.06,14,33,447
2024-01-19,17,10745611.06,14,33,448
2024-01-19,18,10428741.25,14,33,449
2024-01-19,19,10854557.65,14,33,450
2024-01-19,20,11001101.86,14,33,451
2024-01-19,21,10762558.15,14,33,452
2024-01-19,22,10385327.74,14,33,453
2024-01-19,23,9908574.93,14,33,454
2024-01-19,24,9349646.53,14,33,455
2024-01-20,1,8860144.71,14,33,456
2024-01-20,2,8521301.56,14,33,457
2024-01-20,3,8282677.12,14,33,458
2024-01-20,4,8135349.97,14,33,459
2024-01-20,5,8128509.13,14,33,460
2024-01-20,6,8228160.36,14,33,461
2024-01-20,7,8326732.9,14,33,462
2024-01-20,8,8803618.71,14,33,463
2024-01-20,9,9348181.3,14,33,464
2024-01-20,10,9730083.02,14,33,465
2024-01-20,11,10036411.57,14,33,466
2024-01-20,12,10280709.64,14,33,467
2024-01-20,13,10231737.57,14,33,468
2024-01-20,14,10128344.97,14,33,469
2024-01-20,15,10079626.21,14,33,470
2024-01-20,16,10032386.3,14,33,471
2024-01-20,17,9899782.08,14,33,472
2024-01-20,18,9753356.43,14,33,473
2024-01-20,19,10313050.11,14,33,474
2024-01-20,20,10410928.2,14,33,475
2024-01-20,21,10118175.58,14,33,476
2024-01-20,22,9748912.65,14,33,477
2024-01-20,23,9297646.8,14,33,478
2024-01-20,24,8877054.08,14,33,479
2024-01-21,1,8457290.07,14,33,480
2024-01-21,2,8138417.51,14,33,481
2024-01-21,3,7886479.99,14,33,482
2024-01-21,4,7699463.36,14,33,483
2024-01-21,5,7622780.76,14,33,484
2024-01-21,6,7587472.96,14,33,485
2024-01-21,7,7388709.85,14,33,486
2024-01-21,8,7544435.6,14,33,487
2024-01-21,9,7928389.11,14,33,488
2024-01-21,10,8236273.59,14,33,489
2024-01-21,11,8527050.97,14,33,490
2024-01-21,12,8759237.14,14,33,491
2024-01-21,13,8845045.85,14,33,492
2024-01-21,14,8936546.42,14,33,493
2024-01-21,15,8896233.4,14,33,494
2024-01-21,16,8839149.51,14,33,495
2024-01-21,17,8720231.48,14,33,496
2024-01-21,18,8765463.52,14,33,497
2024-01-21,19,9466233.46,14,33,498
2024-01-21,20,9807640.36,14,33,499
2024-01-21,21,9734469.9,14,33,500
2024-01-21,22,9523042.36,14,33,501
2024-01-21,23,9096097.85,14,33,502
2024-01-21,24,8614695.77,14,33,503
2024-01-22,1,8238894.24,14,33,504
2024-01-22,2,7938791.64,14,33,505
2024-01-22,3,7725471.96,14,33,506
2024-01-22,4,7634857.78,14,33,507
2024-01-22,5,7753947.94,14,33,508
2024-01-22,6,8109828.25,14,33,509
2024-01-22,7,8368240.52,14,33,510
2024-01-22,8,8917069.83,14,33,511
2024-01-22,9,9449697.41,14,33,512
2024-01-22,10,9794124.25,14,33,513
2024-01-22,11,10100882.86,14,33,514
2024-01-22,12,10463622.53,14,33,515
2024-01-22,13,10444204.71,14,33,516
2024-01-22,14,10573472.33,14,33,517
2024-01-22,15,10789812.73,14,33,518
2024-01-22,16,10860397.79,14,33,519
2024-01-22,17,10760954.53,14,33,520
2024-01-22,18,10411939.15,14,33,521
2024-01-22,19,10798433.08,14,33,522
2024-01-22,20,11053741.58,14,33,523
2024-01-22,21,10857478.14,14,33,524
2024-01-22,22,10447515.69,14,33,525
2024-01-22,23,9819335.06,14,33,526
2024-01-22,24,9206404.47,14,33,527
2024-01-23,1,8711578.67,14,33,528
2024-01-23,2,8394475.58,14,33,529
2024-01-23,3,8155907.81,14,33,530
2024-01-23,4,8022852.55,14,33,531
2024-01-23,5,8148984.73,14,33,532
2024-01-23,6,8475906.17,14,33,533
2024-01-23,7,8644097.72,14,33,534
2024-01-23,8,9081375.03,14,33,535
2024-01-23,9,9568723.41,14,33,536
2024-01-23,10,9919904.97,14,33,537
2024-01-23,11,10260298.94,14,33,538
2024-01-23,12,10625321.14,14,33,539
2024-01-23,13,10621549.77,14,33,540
2024-01-23,14,10722674.61,14,33,541
2024-01-23,15,10954271.47,14,33,542
2024-01-23,16,10988250.59,14,33,543
2024-01-23,17,10823822.76,14,33,544
2024-01-23,18,10450737.67,14,33,545
2024-01-23,19,10796361.51,14,33,546
2024-01-23,20,11026711.32,14,33,547
2024-01-23,21,10813099.63,14,33,548
2024-01-23,22,10419108.65,14,33,549
2024-01-23,23,9737307.58,14,33,550
2024-01-23,24,9148968.23,14,33,551
2024-01-24,1,8696714.06,14,33,552
2024-01-24,2,8407654.48,14,33,553
2024-01-24,3,8146145.36,14,33,554
2024-01-24,4,8029315.29,14,33,555
2024-01-24,5,8134862.28,14,33,556
2024-01-24,6,8480638.62,14,33,557
2024-01-24,7,8678801.96,14,33,558
2024-01-24,8,9145330.64,14,33,559
2024-01-24,9,9609277.1,14,33,560
2024-01-24,10,9889628.67,14,33,561
2024-01-24,11,10226571.6,14,33,562
2024-01-24,12,10603396.9,14,33,563
2024-01-24,13,10585509.88,14,33,564
2024-01-24,14,10734212.47,14,33,565
2024-01-24,15,10916908.19,14,33,566
2024-01-24,16,10951828.04,14,33,567
2024-01-24,17,10826320.2,14,33,568
2024-01-24,18,10463161.64,14,33,569
2024-01-24,19,10839206.31,14,33,570
2024-01-24,20,11086965.73,14,33,571
2024-01-24,21,10834071.25,14,33,572
2024-01-24,22,10441231.8,14,33,573
2024-01-24,23,9835898.59,14,33,574
2024-01-24,24,9225453.32,14,33,575
2024-01-25,1,8779295.59,14,33,576
2024-01-25,2,8477005.3,14,33,577
2024-01-25,3,8235593.82,14,33,578
2024-01-25,4,8069328.54,14,33,579
2024-01-25,5,8204586.77,14,33,580
2024-01-25,6,8541721.35,14,33,581
2024-01-25,7,8711875.18,14,33,582
2024-01-25,8,9139220.73,14,33,583
2024-01-25,9,9562576.35,14,33,584
2024-01-25,10,9858338.05,14,33,585
2024-01-25,11,10179739.56,14,33,586
2024-01-25,12,10549741.93,14,33,587
2024-01-25,13,10585768.09,14,33,588
2024-01-25,14,10667911.44,14,33,589
2024-01-25,15,10909569.95,14,33,590
2024-01-25,16,11007337.34,14,33,591
2024-01-25,17,10835958.45,14,33,592
2024-01-25,18,10430291.59,14,33,593
2024-01-25,19,10752026.52,14,33,594
2024-01-25,20,10976050.47,14,33,595
2024-01-25,21,10760553.84,14,33,596
2024-01-25,22,10368048.62,14,33,597
2024-01-25,23,9771461.88,14,33,598
2024-01-25,24,9177633.78,14,33,599
2024-01-26,1,8678606.42,14,33,600
2024-01-26,2,8380332.96,14,33,601
2024-01-26,3,8134741.94,14,33,602
2024-01-26,4,8021853.63,14,33,603
2024-01-26,5,8159761.64,14,33,604
2024-01-26,6,8506946.56,14,33,605
2024-01-26,7,8698606.41,14,33,606
2024-01-26,8,9197067.76,14,33,607
2024-01-26,9,9617391.88,14,33,608
2024-01-26,10,9948232.77,14,33,609
2024-01-26,11,10304038.36,14,33,610
2024-01-26,12,10631522.06,14,33,611
2024-01-26,13,10599450.86,14,33,612
2024-01-26,14,10701500.88,14,33,613
2024-01-26,15,10914015.39,14,33,614
2024-01-26,16,10900551.02,14,33,615
2024-01-26,17,10777178.3,14,33,616
2024-01-26,18,10490205.02,14,33,617
2024-01-26,19,10914129.53,14,33,618
2024-01-26,20,11084609.53,14,33,619
2024-01-26,21,10855695.51,14,33,620
2024-01-26,22,10459574.15,14,33,621
2024-01-26,23,9914635.22,14,33,622
2024-01-26,24,9380993.32,14,33,623
2024-01-27,1,8902390.06,14,33,624
2024-01-27,2,8539962.54,14,33,625
2024-01-27,3,8266311.44,14,33,626
2024-01-27,4,8123057.3,14,33,627
2024-01-27,5,8132649.04,14,33,628
2024-01-27,6,8192955.13,14,33,629
2024-01-27,7,8262196.03,14,33,630
2024-01-27,8,8684175.64,14,33,631
2024-01-27,9,9217343.13,14,33,632
2024-01-27,10,9587749.38,14,33,633
2024-01-27,11,9919276.01,14,33,634
2024-01-27,12,10213652.18,14,33,635
2024-01-27,13,10206711.87,14,33,636
2024-01-27,14,10134654.1,14,33,637
2024-01-27,15,10114781.9,14,33,638
2024-01-27,16,10182870.43,14,33,639
2024-01-27,17,10072137.13,14,33,640
2024-01-27,18,9701017.93,14,33,641
2024-01-27,19,10378141.46,14,33,642
2024-01-27,20,10557115.37,14,33,643
2024-01-27,21,10210541.88,14,33,644
2024-01-27,22,9763137.02,14,33,645
2024-01-27,23,9344557.1,14,33,646
2024-01-27,24,8877004,14,33,647
2024-01-28,1,8464236.9,14,33,648
2024-01-28,2,8152946.95,14,33,649
2024-01-28,3,7879307.15,14,33,650
2024-01-28,4,7723635.51,14,33,651
2024-01-28,5,7611272.69,14,33,652
2024-01-28,6,7571889.91,14,33,653
2024-01-28,7,7330778,14,33,654
2024-01-28,8,7520181.86,14,33,655
2024-01-28,9,7843625.3,14,33,656
2024-01-28,10,8187481.85,14,33,657
2024-01-28,11,8420907.52,14,33,658
2024-01-28,12,8699812.64,14,33,659
2024-01-28,13,8833911.63,14,33,660
2024-01-28,14,8886066.07,14,33,661
2024-01-28,15,8835062.42,14,33,662
2024-01-28,16,8793658.63,14,33,663
2024-01-28,17,8762672.34,14,33,664
2024-01-28,18,8757391.4,14,33,665
2024-01-28,19,9445085.9,14,33,666
2024-01-28,20,9804237.18,14,33,667
2024-01-28,21,9738966.25,14,33,668
2024-01-28,22,9499645.26,14,33,669
2024-01-28,23,9108940.94,14,33,670
2024-01-28,24,8649204.07,14,33,671
2024-01-29,1,8249470.25,14,33,672
2024-01-29,2,7964871.75,14,33,673
2024-01-29,3,7778582.36,14,33,674
2024-01-29,4,7671435.02,14,33,675
2024-01-29,5,7853622.9,14,33,676
2024-01-29,6,8275807.52,14,33,677
2024-01-29,7,8502610.38,14,33,678
2024-01-29,8,9074243.06,14,33,679
2024-01-29,9,9734676.65,14,33,680
2024-01-29,10,10085422.19,14,33,681
2024-01-29,11,10600820.65,14,33,682
2024-01-29,12,10954121.43,14,33,683
2024-01-29,13,10900286.09,14,33,684
2024-01-29,14,11048816.65,14,33,685
2024-01-29,15,11354140.42,14,33,686
2024-01-29,16,11383420.08,14,33,687
2024-01-29,17,10961745.83,14,33,688
2024-01-29,18,10515984.41,14,33,689
2024-01-29,19,11053870.46,14,33,690
2024-01-29,20,11343991.69,14,33,691
2024-01-29,21,11104604.72,14,33,692
2024-01-29,22,10573042.44,14,33,693
2024-01-29,23,9895133.91,14,33,694
2024-01-29,24,9172622.59,14,33,695
2024-01-30,1,8750857.78,14,33,696
2024-01-30,2,8465843.64,14,33,697
2024-01-30,3,8226126.37,14,33,698
2024-01-30,4,8092673.76,14,33,699
2024-01-30,5,8206378.99,14,33,700
2024-01-30,6,8664375.83,14,33,701
2024-01-30,7,8824225.17,14,33,702
2024-01-30,8,9269077.29,14,33,703
2024-01-30,9,9862165.72,14,33,704
2024-01-30,10,10309350.87,14,33,705
2024-01-30,11,10679096.95,14,33,706
2024-01-30,12,11154025.73,14,33,707
2024-01-30,13,11043365.19,14,33,708
2024-01-30,14,11194710.03,14,33,709
2024-01-30,15,11384333.33,14,33,710
2024-01-30,16,11358558.44,14,33,711
2024-01-30,17,11170209.21,14,33,712
2024-01-30,18,10832253.02,14,33,713
2024-01-30,19,11182688.58,14,33,714
2024-01-30,20,11362652.88,14,33,715
2024-01-30,21,11172740.55,14,33,716
2024-01-30,22,10811373.12,14,33,717
2024-01-30,23,9978048.88,14,33,718
2024-01-30,24,9153262.58,14,33,719
2024-01-31,1,8680632.64,15,34,0
2024-01-31,2,8419137.24,15,34,1
2024-01-31,3,8167875.27,15,34,2
2024-01-31,4,8090556.09,15,34,3
2024-01-31,5,8236891.81,15,34,4
2024-01-31,6,8679188.17,15,34,5
2024-01-31,7,8841507.16,15,34,6
2024-01-31,8,9210473.69,15,34,7
2024-01-31,9,9790356.81,15,34,8
2024-01-31,10,10312770.62,15,34,9
2024-01-31,11,10756409.35,15,34,10
2024-01-31,12,11095305.71,15,34,11
2024-01-31,13,10943007.68,15,34,12
2024-01-31,14,10950552.6,15,34,13
2024-01-31,15,11012483.33,15,34,14
2024-01-31,16,11120572.33,15,34,15
2024-01-31,17,10915404.89,15,34,16
2024-01-31,18,10624267.49,15,34,17
2024-01-31,19,11032270.77,15,34,18
2024-01-31,20,11229637.01,15,34,19
2024-01-31,21,11059786.68,15,34,20
2024-01-31,22,10510876.75,15,34,21
2024-01-31,23,9759903.73,15,34,22
2024-01-31,24,9172850.89,15,34,23
2024-02-01,1,8679231.19,15,34,24
2024-02-01,2,8355364.48,15,34,25
2024-02-01,3,8174733.25,15,34,26
2024-02-01,4,8080926.6,15,34,27
2024-02-01,5,8197053.84,15,34,28
2024-02-01,6,8619529.75,15,34,29
2024-02-01,7,8778972.11,15,34,30
2024-02-01,8,9165352.88,15,34,31
2024-02-01,9,9650458.81,15,34,32
2024-02-01,10,10046220.6,15,34,33
2024-02-01,11,10376067.98,15,34,34
2024-02-01,12,10854715.86,15,34,35
2024-02-01,13,10797424.43,15,34,36
2024-02-01,14,10890033.48,15,34,37
2024-02-01,15,11043327,15,34,38
2024-02-01,16,11062940.9,15,34,39
2024-02-01,17,10912133.92,15,34,40
2024-02-01,18,10504306.83,15,34,41
2024-02-01,19,11002813.25,15,34,42
2024-02-01,20,11193846.83,15,34,43
2024-02-01,21,11025856.32,15,34,44
2024-02-01,22,10526276.5,15,34,45
2024-02-01,23,9716007.94,15,34,46
2024-02-01,24,9065340.21,15,34,47
2024-02-02,1,8594366.64,15,34,48
2024-02-02,2,8338998.45,15,34,49
2024-02-02,3,8116349.45,15,34,50
2024-02-02,4,8002787.48,15,34,51
2024-02-02,5,8164842.65,15,34,52
2024-02-02,6,8648528.2,15,34,53
2024-02-02,7,8862266.28,15,34,54
2024-02-02,8,9240383.59,15,34,55
2024-02-02,9,9628291.89,15,34,56
2024-02-02,10,9886576.94,15,34,57
2024-02-02,11,10176238.96,15,34,58
2024-02-02,12,10369546.55,15,34,59
2024-02-02,13,10313976.31,15,34,60
2024-02-02,14,10362392.35,15,34,61
2024-02-02,15,10466451.67,15,34,62
2024-02-02,16,10389739.88,15,34,63
2024-02-02,17,10213502.04,15,34,64
2024-02-02,18,9942960.07,15,34,65
2024-02-02,19,10376953.18,15,34,66
2024-02-02,20,10464085.43,15,34,67
2024-02-02,21,10286431.16,15,34,68
2024-02-02,22,9844842.41,15,34,69
2024-02-02,23,9285984.74,15,34,70
2024-02-02,24,8795445.63,15,34,71
2024-02-03,1,8404757.4,15,34,72
2024-02-03,2,8138816.24,15,34,73
2024-02-03,3,7933420.95,15,34,74
2024-02-03,4,7817583.64,15,34,75
2024-02-03,5,7810300.34,15,34,76
2024-02-03,6,7963585.86,15,34,77
2024-02-03,7,8096967.65,15,34,78
2024-02-03,8,8518149.66,15,34,79
2024-02-03,9,9012133.45,15,34,80
2024-02-03,10,9302939.11,15,34,81
2024-02-03,11,9634720.5,15,34,82
2024-02-03,12,9848847.81,15,34,83
2024-02-03,13,9817854.51,15,34,84
2024-02-03,14,9696665.49,15,34,85
2024-02-03,15,9594360.41,15,34,86
2024-02-03,16,9507180.13,15,34,87
2024-02-03,17,9421971.02,15,34,88
2024-02-03,18,9378051.15,15,34,89
2024-02-03,19,9964562.4,15,34,90
2024-02-03,20,10120275.97,15,34,91
2024-02-03,21,9815572.31,15,34,92
2024-02-03,22,9418281.71,15,34,93
2024-02-03,23,8962924.66,15,34,94
2024-02-03,24,8510563.21,15,34,95
2024-02-04,1,8099171.58,15,34,96
2024-02-04,2,7819109.24,15,34,97
2024-02-04,3,7596182.06,15,34,98
2024-02-04,4,7414843.45,15,34,99
2024-02-04,5,7350358.73,15,34,100
2024-02-04,6,7325627.55,15,34,101
2024-02-04,7,7152887.97,15,34,102
2024-02-04,8,7330655.59,15,34,103
2024-02-04,9,7651194.91,15,34,104
2024-02-04,10,8001693.52,15,34,105
2024-02-04,11,8244522.11,15,34,106
2024-02-04,12,8490812.01,15,34,107
2024-02-04,13,8658675.96,15,34,108
2024-02-04,14,8666173.39,15,34,109
2024-02-04,15,8577421.77,15,34,110
2024-02-04,16,8507514.72,15,34,111
2024-02-04,17,8483953.36,15,34,112
2024-02-04,18,8493626.4,15,34,113
2024-02-04,19,9174933.09,15,34,114
2024-02-04,20,9550255.29,15,34,115
2024-02-04,21,9493788.77,15,34,116
2024-02-04,22,9238186.04,15,34,117
2024-02-04,23,8803802.72,15,34,118
2024-02-04,24,8328038.53,15,34,119
2024-02-05,1,8004878.19,15,34,120
2024-02-05,2,7748716.34,15,34,121
2024-02-05,3,7564432.54,15,34,122
2024-02-05,4,7508318.09,15,34,123
2024-02-05,5,7709910.87,15,34,124
2024-02-05,6,8252390.84,15,34,125
2024-02-05,7,8461144.06,15,34,126
2024-02-05,8,8868623.44,15,34,127
2024-02-05,9,9352592.39,15,34,128
2024-02-05,10,9554743.36,15,34,129
2024-02-05,11,9917008.06,15,34,130
2024-02-05,12,10109023.29,15,34,131
2024-02-05,13,10056449.03,15,34,132
2024-02-05,14,10124666.64,15,34,133
2024-02-05,15,10328460.46,15,34,134
2024-02-05,16,10331338.15,15,34,135
2024-02-05,17,10161282.52,15,34,136
2024-02-05,18,9887981.04,15,34,137
2024-02-05,19,10309985.64,15,34,138
2024-02-05,20,10609212.4,15,34,139
2024-02-05,21,10402904.77,15,34,140
2024-02-05,22,9950198.78,15,34,141
2024-02-05,23,9242824.17,15,34,142
2024-02-05,24,8641615.15,15,34,143
2024-02-06,1,8220694.56,15,34,144
2024-02-06,2,7968421.01,15,34,145
2024-02-06,3,7787638.89,15,34,146
2024-02-06,4,7722177.82,15,34,147
2024-02-06,5,7920698.07,15,34,148
2024-02-06,6,8434696.13,15,34,149
2024-02-06,7,8601954.58,15,34,150
2024-02-06,8,8928137.65,15,34,151
2024-02-06,9,9361923.47,15,34,152
2024-02-06,10,9652608.14,15,34,153
2024-02-06,11,9954632.4,15,34,154
2024-02-06,12,10184801.4,15,34,155
2024-02-06,13,10097727.03,15,34,156
2024-02-06,14,10253757.55,15,34,157
2024-02-06,15,10458751.82,15,34,158
2024-02-06,16,10498581.83,15,34,159
2024-02-06,17,10228465.05,15,34,160
2024-02-06,18,9883920.92,15,34,161
2024-02-06,19,10340627.39,15,34,162
2024-02-06,20,10632859.07,15,34,163
2024-02-06,21,10457510.37,15,34,164
2024-02-06,22,9981937.62,15,34,165
2024-02-06,23,9295650.04,15,34,166
2024-02-06,24,8734214.37,15,34,167
2024-02-07,1,8301050.1,15,34,168
2024-02-07,2,8046436.09,15,34,169
2024-02-07,3,7849665.66,15,34,170
2024-02-07,4,7748928.52,15,34,171
2024-02-07,5,7952484.19,15,34,172
2024-02-07,6,8494932.53,15,34,173
2024-02-07,7,8671819.67,15,34,174
2024-02-07,8,8976825.46,15,34,175
2024-02-07,9,9398837.08,15,34,176
2024-02-07,10,9608686.6,15,34,177
2024-02-07,11,9886935.69,15,34,178
2024-02-07,12,10115654.18,15,34,179
2024-02-07,13,9928612.54,15,34,180
2024-02-07,14,9932378.7,15,34,181
2024-02-07,15,10120123.36,15,34,182
2024-02-07,16,10151157.47,15,34,183
2024-02-07,17,10041176.07,15,34,184
2024-02-07,18,9765632.06,15,34,185
2024-02-07,19,10112428.26,15,34,186
2024-02-07,20,10344612.96,15,34,187
2024-02-07,21,10106161.1,15,34,188
2024-02-07,22,9621724.2,15,34,189
2024-02-07,23,8972779.67,15,34,190
2024-02-07,24,8465108.62,15,34,191
2024-02-08,1,8056488.86,15,34,192
2024-02-08,2,7808394.74,15,34,193
2024-02-08,3,7639389.93,15,34,194
2024-02-08,4,7540703.1,15,34,195
2024-02-08,5,7773223.71,15,34,196
2024-02-08,6,8312289.9,15,34,197
2024-02-08,7,8469515.66,15,34,198
2024-02-08,8,8887541.1,15,34,199
2024-02-08,9,9308346.18,15,34,200
2024-02-08,10,9566655.25,15,34,201
2024-02-08,11,9817348.35,15,34,202
2024-02-08,12,10143457.74,15,34,203
2024-02-08,13,10092185.34,15,34,204
2024-02-08,14,10117338.57,15,34,205
2024-02-08,15,10311972.48,15,34,206
2024-02-08,16,10281775.45,15,34,207
2024-02-08,17,10147743.03,15,34,208
2024-02-08,18,9856746.37,15,34,209
2024-02-08,19,10264356.34,15,34,210
2024-02-08,20,10507135.92,15,34,211
2024-02-08,21,10278776.17,15,34,212
2024-02-08,22,9834015.51,15,34,213
2024-02-08,23,9177419.52,15,34,214
2024-02-08,24,8576073.62,15,34,215
2024-02-09,1,8141158.53,15,34,216
2024-02-09,2,7881252.67,15,34,217
2024-02-09,3,7702429.82,15,34,218
2024-02-09,4,7631449.11,15,34,219
2024-02-09,5,7821901,15,34,220
2024-02-09,6,8369152.32,15,34,221
2024-02-09,7,8559315.13,15,34,222
2024-02-09,8,8949064.85,15,34,223
2024-02-09,9,9414638.02,15,34,224
2024-02-09,10,9638814.58,15,34,225
2024-02-09,11,10045260.11,15,34,226
2024-02-09,12,10329346.92,15,34,227
2024-02-09,13,10231293.53,15,34,228
2024-02-09,14,10293368.51,15,34,229
2024-02-09,15,10489433.59,15,34,230
2024-02-09,16,10543092.41,15,34,231
2024-02-09,17,10325729.21,15,34,232
2024-02-09,18,10016115.95,15,34,233
2024-02-09,19,10374346.62,15,34,234
2024-02-09,20,10624599.97,15,34,235
2024-02-09,21,10408466.59,15,34,236
2024-02-09,22,9981266.17,15,34,237
2024-02-09,23,9419169.15,15,34,238
2024-02-09,24,8882536.87,15,34,239
2024-02-10,1,8479333.18,15,34,240
2024-02-10,2,8201406.02,15,34,241
2024-02-10,3,7969994.61,15,34,242
2024-02-10,4,7843080.96,15,34,243
2024-02-10,5,7867838.01,15,34,244
2024-02-10,6,8026706,15,34,245
2024-02-10,7,8151910.53,15,34,246
2024-02-10,8,8604232.04,15,34,247
2024-02-10,9,9116320.89,15,34,248
2024-02-10,10,9475419.69,15,34,249
2024-02-10,11,9801359.35,15,34,250
2024-02-10,12,9977020.05,15,34,251
2024-02-10,13,9912040.8,15,34,252
2024-02-10,14,9807485.01,15,34,253
2024-02-10,15,9740636.78,15,34,254
2024-02-10,16,9671854.76,15,34,255
2024-02-10,17,9589016.56,15,34,256
2024-02-10,18,9491527.34,15,34,257
2024-02-10,19,10035465.56,15,34,258
2024-02-10,20,10231829.37,15,34,259
2024-02-10,21,9936810.94,15,34,260
2024-02-10,22,9564088.98,15,34,261
2024-02-10,23,9095869.03,15,34,262
2024-02-10,24,8633366.51,15,34,263
2024-02-11,1,8227107.96,15,34,264
2024-02-11,2,7921884.84,15,34,265
2024-02-11,3,7710222.21,15,34,266
2024-02-11,4,7533472.91,15,34,267
2024-02-11,5,7432951.84,15,34,268
2024-02-11,6,7393642.24,15,34,269
2024-02-11,7,7209325.74,15,34,270
2024-02-11,8,7424550.3,15,34,271
2024-02-11,9,7800010.63,15,34,272
2024-02-11,10,8112382.96,15,34,273
2024-02-11,11,8428917.94,15,34,274
2024-02-11,12,8729951.1,15,34,275
2024-02-11,13,8887829.8,15,34,276
2024-02-11,14,8922990.27,15,34,277
2024-02-11,15,8879658.75,15,34,278
2024-02-11,16,8821465.87,15,34,279
2024-02-11,17,8787008.92,15,34,280
2024-02-11,18,8777931.66,15,34,281
2024-02-11,19,9377528,15,34,282
2024-02-11,20,9818073.63,15,34,283
2024-02-11,21,9755015.02,15,34,284
2024-02-11,22,9518320.68,15,34,285
2024-02-11,23,9075871.77,15,34,286
2024-02-11,24,8598185.72,15,34,287
2024-02-12,1,8204110.59,15,34,288
2024-02-12,2,7970801.11,15,34,289
2024-02-12,3,7765050.43,15,34,290
2024-02-12,4,7706924.4,15,34,291
2024-02-12,5,7912141.15,15,34,292
2024-02-12,6,8468489.83,15,34,293
2024-02-12,7,8607843.84,15,34,294
2024-02-12,8,8940946.25,15,34,295
2024-02-12,9,9378964.56,15,34,296
2024-02-12,10,9714086.04,15,34,297
2024-02-12,11,10172192.8,15,34,298
2024-02-12,12,10460090.41,15,34,299
2024-02-12,13,10409877.53,15,34,300
2024-02-12,14,10588763.16,15,34,301
2024-02-12,15,10781470.34,15,34,302
2024-02-12,16,10865706.95,15,34,303
2024-02-12,17,10685540.51,15,34,304
2024-02-12,18,10324467.67,15,34,305
2024-02-12,19,10681133.47,15,34,306
2024-02-12,20,10972421.6,15,34,307
2024-02-12,21,10767079.28,15,34,308
2024-02-12,22,10328129.29,15,34,309
2024-02-12,23,9661083.06,15,34,310
2024-02-12,24,9053700.66,15,34,311
2024-02-13,1,8615384.79,15,34,312
2024-02-13,2,8331581.87,15,34,313
2024-02-13,3,8129822.99,15,34,314
2024-02-13,4,8003840.94,15,34,315
2024-02-13,5,8199056.7,15,34,316
2024-02-13,6,8701862.76,15,34,317
2024-02-13,7,8777430.47,15,34,318
2024-02-13,8,9170708.31,15,34,319
2024-02-13,9,9617816.09,15,34,320
2024-02-13,10,9896778.32,15,34,321
2024-02-13,11,10206843.41,15,34,322
2024-02-13,12,10522337.77,15,34,323
2024-02-13,13,10468754.26,15,34,324
2024-02-13,14,10626635.32,15,34,325
2024-02-13,15,10847850.18,15,34,326
2024-02-13,16,10914601.98,15,34,327
2024-02-13,17,10749433.91,15,34,328
2024-02-13,18,10448639.69,15,34,329
2024-02-13,19,10816907.88,15,34,330
2024-02-13,20,11134997.31,15,34,331
2024-02-13,21,10928437.97,15,34,332
2024-02-13,22,10481828.05,15,34,333
2024-02-13,23,9745790.63,15,34,334
2024-02-13,24,9179302.47,15,34,335
2024-02-14,1,8756579.01,15,34,336
2024-02-14,2,8438987.13,15,34,337
2024-02-14,3,8225015.74,15,34,338
2024-02-14,4,8139294.35,15,34,339
2024-02-14,5,8313347.5,15,34,340
2024-02-14,6,8836209.32,15,34,341
2024-02-14,7,8958842.82,15,34,342
2024-02-14,8,9277327.89,15,34,343
2024-02-14,9,9726962.57,15,34,344
2024-02-14,10,9959375.21,15,34,345
2024-02-14,11,10341498.65,15,34,346
2024-02-14,12,10673480.96,15,34,347
2024-02-14,13,10520009.67,15,34,348
2024-02-14,14,10705900.66,15,34,349
2024-02-14,15,10924757.75,15,34,350
2024-02-14,16,10951335.08,15,34,351
2024-02-14,17,10800386.29,15,34,352
2024-02-14,18,10450601.75,15,34,353
2024-02-14,19,10734111.68,15,34,354
2024-02-14,20,11018462.24,15,34,355
2024-02-14,21,10897424.66,15,34,356
2024-02-14,22,10465374.77,15,34,357
2024-02-14,23,9782498.98,15,34,358
2024-02-14,24,9232731.72,15,34,359
2024-02-15,1,8736321.69,15,34,360
2024-02-15,2,8450472.64,15,34,361
2024-02-15,3,8223324.14,15,34,362
2024-02-15,4,8134068.04,15,34,363
2024-02-15,5,8315107.27,15,34,364
2024-02-15,6,8793861.14,15,34,365
2024-02-15,7,8915124.03,15,34,366
2024-02-15,8,9314516.6,15,34,367
2024-02-15,9,9739416.69,15,34,368
2024-02-15,10,10018640.43,15,34,369
2024-02-15,11,10422989.28,15,34,370
2024-02-15,12,10723464.61,15,34,371
2024-02-15,13,10668962.01,15,34,372
2024-02-15,14,10807665.45,15,34,373
2024-02-15,15,11030826,15,34,374
2024-02-15,16,11058579.89,15,34,375
2024-02-15,17,10906539.38,15,34,376
2024-02-15,18,10505197.14,15,34,377
2024-02-15,19,10836070.98,15,34,378
2024-02-15,20,11132452.09,15,34,379
2024-02-15,21,10990030.83,15,34,380
2024-02-15,22,10586814.4,15,34,381
2024-02-15,23,9936649.97,15,34,382
2024-02-15,24,9358168.3,15,34,383
2024-02-16,1,8900943.95,15,34,384
2024-02-16,2,8586133.71,15,34,385
2024-02-16,3,8329278.88,15,34,386
2024-02-16,4,8259596,15,34,387
2024-02-16,5,8390636.25,15,34,388
2024-02-16,6,8875006.36,15,34,389
2024-02-16,7,9021009.59,15,34,390
2024-02-16,8,9399451.95,15,34,391
2024-02-16,9,9851094.9,15,34,392
2024-02-16,10,10125468.92,15,34,393
2024-02-16,11,10490488.24,15,34,394
2024-02-16,12,10795743.15,15,34,395
2024-02-16,13,10669677.83,15,34,396
2024-02-16,14,10827403,15,34,397
2024-02-16,15,11039438.32,15,34,398
2024-02-16,16,11042513.38,15,34,399
2024-02-16,17,10865121.84,15,34,400
2024-02-16,18,10525634.11,15,34,401
2024-02-16,19,10849175.54,15,34,402
2024-02-16,20,11115186.69,15,34,403
2024-02-16,21,10966551.78,15,34,404
2024-02-16,22,10562718.01,15,34,405
2024-02-16,23,10012892.7,15,34,406
2024-02-16,24,9442758.03,15,34,407
2024-02-17,1,9008764.51,15,34,408
2024-02-17,2,8651690.86,15,34,409
2024-02-17,3,8424708.98,15,34,410
2024-02-17,4,8271150.28,15,34,411
2024-02-17,5,8299868.44,15,34,412
2024-02-17,6,8425376.26,15,34,413
2024-02-17,7,8534769.34,15,34,414
2024-02-17,8,8957953.49,15,34,415
2024-02-17,9,9504914.38,15,34,416
2024-02-17,10,9827518.36,15,34,417
2024-02-17,11,10186071.69,15,34,418
2024-02-17,12,10399576.31,15,34,419
2024-02-17,13,10333610.73,15,34,420
2024-02-17,14,10222389.13,15,34,421
2024-02-17,15,10157175.18,15,34,422
2024-02-17,16,10065810.11,15,34,423
2024-02-17,17,10001013.26,15,34,424
2024-02-17,18,9905120.13,15,34,425
2024-02-17,19,10549311.31,15,34,426
2024-02-17,20,10740902.48,15,34,427
2024-02-17,21,10467093.94,15,34,428
2024-02-17,22,10043532.9,15,34,429
2024-02-17,23,9494527.69,15,34,430
2024-02-17,24,9031891.67,15,34,431
2024-02-18,1,8451103.94,15,34,432
2024-02-18,2,8150204.98,15,34,433
2024-02-18,3,7916762.03,15,34,434
2024-02-18,4,7713752.8,15,34,435
2024-02-18,5,7596424.82,15,34,436
2024-02-18,6,7557441.04,15,34,437
2024-02-18,7,7317854.19,15,34,438
2024-02-18,8,7475332.07,15,34,439
2024-02-18,9,7770305.04,15,34,440
2024-02-18,10,8085380.54,15,34,441
2024-02-18,11,8405179.61,15,34,442
2024-02-18,12,8662767.7,15,34,443
2024-02-18,13,8833006.91,15,34,444
2024-02-18,14,8884166.21,15,34,445
2024-02-18,15,8883625.5,15,34,446
2024-02-18,16,8856150.25,15,34,447
2024-02-18,17,8823364.57,15,34,448
2024-02-18,18,8846635.55,15,34,449
2024-02-18,19,9607112.27,15,34,450
2024-02-18,20,10030230.07,15,34,451
2024-02-18,21,10000503.64,15,34,452
2024-02-18,22,9732989.6,15,34,453
2024-02-18,23,9220601.64,15,34,454
2024-02-18,24,8713609.03,15,34,455
2024-02-19,1,8323245.02,15,34,456
2024-02-19,2,7997575.37,15,34,457
2024-02-19,3,7803696.97,15,34,458
2024-02-19,4,7736419.9,15,34,459
2024-02-19,5,7919669,15,34,460
2024-02-19,6,8431002.18,15,34,461
2024-02-19,7,8564587.89,15,34,462
2024-02-19,8,9023170.37,15,34,463
2024-02-19,9,9646321.01,15,34,464
2024-02-19,10,9946094.57,15,34,465
2024-02-19,11,10270078.41,15,34,466
2024-02-19,12,10586383.78,15,34,467
2024-02-19,13,10541430.27,15,34,468
2024-02-19,14,10682496.76,15,34,469
2024-02-19,15,10913798.07,15,34,470
2024-02-19,16,10924996.03,15,34,471
2024-02-19,17,10776876.62,15,34,472
2024-02-19,18,10403542.09,15,34,473
2024-02-19,19,10767643.04,15,34,474
2024-02-19,20,11025960.23,15,34,475
2024-02-19,21,10883051.7,15,34,476
2024-02-19,22,10382040.68,15,34,477
2024-02-19,23,9713968.52,15,34,478
2024-02-19,24,9093510.92,15,34,479
2024-02-20,1,8708112.13,15,34,480
2024-02-20,2,8455693.92,15,34,481
2024-02-20,3,8246199.61,15,34,482
2024-02-20,4,8143905.75,15,34,483
2024-02-20,5,8306536.46,15,34,484
2024-02-20,6,8806505.04,15,34,485
2024-02-20,7,8885989.75,15,34,486
2024-02-20,8,9271577.98,15,34,487
2024-02-20,9,9705589.78,15,34,488
2024-02-20,10,9964037.67,15,34,489
2024-02-20,11,10319089.33,15,34,490
2024-02-20,12,10593195.01,15,34,491
2024-02-20,13,10539561.85,15,34,492
2024-02-20,14,10687072.59,15,34,493
2024-02-20,15,10899052.13,15,34,494
2024-02-20,16,10896096.32,15,34,495
2024-02-20,17,10718765.81,15,34,496
2024-02-20,18,10335533.82,15,34,497
2024-02-20,19,10717065.66,15,34,498
2024-02-20,20,11006019.98,15,34,499
2024-02-20,21,10838562.17,15,34,500
2024-02-20,22,10404615.47,15,34,501
2024-02-20,23,9734716.17,15,34,502
2024-02-20,24,9140114.99,15,34,503
2024-02-21,1,8706582.88,15,34,504
2024-02-21,2,8385733.41,15,34,505
2024-02-21,3,8179977.34,15,34,506
2024-02-21,4,8072006.51,15,34,507
2024-02-21,5,8221109.11,15,34,508
2024-02-21,6,8725608.27,15,34,509
2024-02-21,7,8813142.44,15,34,510
2024-02-21,8,9136841.03,15,34,511
2024-02-21,9,9540910.45,15,34,512
2024-02-21,10,9731334.32,15,34,513
2024-02-21,11,10026777.99,15,34,514
2024-02-21,12,10223595.41,15,34,515
2024-02-21,13,10156090.7,15,34,516
2024-02-21,14,10282457.76,15,34,517
2024-02-21,15,10506210.62,15,34,518
2024-02-21,16,10577838.58,15,34,519
2024-02-21,17,10479727,15,34,520
2024-02-21,18,10134809.53,15,34,521
2024-02-21,19,10488152.14,15,34,522
2024-02-21,20,10828578.33,15,34,523
2024-02-21,21,10649076.86,15,34,524
2024-02-21,22,10179937.29,15,34,525
2024-02-21,23,9490864.33,15,34,526
2024-02-21,24,8925289.55,15,34,527
2024-02-22,1,8509972.46,15,34,528
2024-02-22,2,8248226.39,15,34,529
2024-02-22,3,8047686.62,15,34,530
2024-02-22,4,7870639.38,15,34,531
2024-02-22,5,8060139.63,15,34,532
2024-02-22,6,8597358.58,15,34,533
2024-02-22,7,8677585.29,15,34,534
2024-02-22,8,9025867.73,15,34,535
2024-02-22,9,9465367.72,15,34,536
2024-02-22,10,9685152.58,15,34,537
2024-02-22,11,10046225.2,15,34,538
2024-02-22,12,10292507.74,15,34,539
2024-02-22,13,10189322.01,15,34,540
2024-02-22,14,10295538.05,15,34,541
2024-02-22,15,10471272.76,15,34,542
2024-02-22,16,10516067.99,15,34,543
2024-02-22,17,10426726.5,15,34,544
2024-02-22,18,10069938.38,15,34,545
2024-02-22,19,10461514.56,15,34,546
2024-02-22,20,10742791.59,15,34,547
2024-02-22,21,10561617.48,15,34,548
2024-02-22,22,10076410.73,15,34,549
2024-02-22,23,9401307.37,15,34,550
2024-02-22,24,8854417.95,15,34,551
2024-02-23,1,8424639.03,15,34,552
2024-02-23,2,8156925.8,15,34,553
2024-02-23,3,7950716.1,15,34,554
2024-02-23,4,7860202.99,15,34,555
2024-02-23,5,8020622.46,15,34,556
2024-02-23,6,8545733.93,15,34,557
2024-02-23,7,8667646.71,15,34,558
2024-02-23,8,9061931.95,15,34,559
2024-02-23,9,9524267.62,15,34,560
2024-02-23,10,9788791.13,15,34,561
2024-02-23,11,10157450.09,15,34,562
2024-02-23,12,10446911.94,15,34,563
2024-02-23,13,10354972.57,15,34,564
2024-02-23,14,10507884.68,15,34,565
2024-02-23,15,10727267.02,15,34,566
2024-02-23,16,10823449.74,15,34,567
2024-02-23,17,10588561.75,15,34,568
2024-02-23,18,10188423.89,15,34,569
2024-02-23,19,10508497.56,15,34,570
2024-02-23,20,10754174.69,15,34,571
2024-02-23,21,10537194.27,15,34,572
2024-02-23,22,10138780.22,15,34,573
2024-02-23,23,9620475.52,15,34,574
2024-02-23,24,9087784.98,15,34,575
2024-02-24,1,8626353.42,15,34,576
2024-02-24,2,8312592.53,15,34,577
2024-02-24,3,8079626.81,15,34,578
2024-02-24,4,7933608.88,15,34,579
2024-02-24,5,7959205.59,15,34,580
2024-02-24,6,8086439.49,15,34,581
2024-02-24,7,8209238.88,15,34,582
2024-02-24,8,8731561.88,15,34,583
2024-02-24,9,9269054.82,15,34,584
2024-02-24,10,9593801.4,15,34,585
2024-02-24,11,9941817.64,15,34,586
2024-02-24,12,10154653.84,15,34,587
2024-02-24,13,10126876.14,15,34,588
2024-02-24,14,9997556.25,15,34,589
2024-02-24,15,9898661.44,15,34,590
2024-02-24,16,9810876.23,15,34,591
2024-02-24,17,9739227.14,15,34,592
2024-02-24,18,9611252.13,15,34,593
2024-02-24,19,10132291.22,15,34,594
2024-02-24,20,10288702.33,15,34,595
2024-02-24,21,10022373.78,15,34,596
2024-02-24,22,9661188.6,15,34,597
2024-02-24,23,9236852.16,15,34,598
2024-02-24,24,8804546.01,15,34,599
2024-02-25,1,8379596.02,15,34,600
2024-02-25,2,8033222.54,15,34,601
2024-02-25,3,7791942.9,15,34,602
2024-02-25,4,7573167.69,15,34,603
2024-02-25,5,7495049.81,15,34,604
2024-02-25,6,7452659.32,15,34,605
2024-02-25,7,7250415.94,15,34,606
2024-02-25,8,7445177.3,15,34,607
2024-02-25,9,7799796.28,15,34,608
2024-02-25,10,8084912,15,34,609
2024-02-25,11,8372764.41,15,34,610
2024-02-25,12,8665618.96,15,34,611
2024-02-25,13,8813072.94,15,34,612
2024-02-25,14,8790588.13,15,34,613
2024-02-25,15,8712641.33,15,34,614
2024-02-25,16,8718072.48,15,34,615
2024-02-25,17,8674037.01,15,34,616
2024-02-25,18,8655486.61,15,34,617
2024-02-25,19,9275032.5,15,34,618
2024-02-25,20,9650095.13,15,34,619
2024-02-25,21,9585795.65,15,34,620
2024-02-25,22,9400045.3,15,34,621
2024-02-25,23,8984293.1,15,34,622
2024-02-25,24,8514792.51,15,34,623
2024-02-26,1,8150106.54,15,34,624
2024-02-26,2,7888301.38,15,34,625
2024-02-26,3,7701074.38,15,34,626
2024-02-26,4,7633711.12,15,34,627
2024-02-26,5,7837354.72,15,34,628
2024-02-26,6,8344700.8,15,34,629
2024-02-26,7,8482689.07,15,34,630
2024-02-26,8,8914748.18,15,34,631
2024-02-26,9,9389026.63,15,34,632
2024-02-26,10,9692330.07,15,34,633
2024-02-26,11,10006202.32,15,34,634
2024-02-26,12,10336580.3,15,34,635
2024-02-26,13,10300547.93,15,34,636
2024-02-26,14,10428392.74,15,34,637
2024-02-26,15,10649187.13,15,34,638
2024-02-26,16,10653561.15,15,34,639
2024-02-26,17,10480797.18,15,34,640
2024-02-26,18,10156024.62,15,34,641
2024-02-26,19,10542639.47,15,34,642
2024-02-26,20,10847838.86,15,34,643
2024-02-26,21,10656341.18,15,34,644
2024-02-26,22,10216218.94,15,34,645
2024-02-26,23,9535458.88,15,34,646
2024-02-26,24,8946809.95,15,34,647
2024-02-27,1,8555257.19,15,34,648
2024-02-27,2,8280508.2,15,34,649
2024-02-27,3,8083392.22,15,34,650
2024-02-27,4,7989433.44,15,34,651
2024-02-27,5,8171279.12,15,34,652
2024-02-27,6,8730489.95,15,34,653
2024-02-27,7,8875673.59,15,34,654
2024-02-27,8,9241555.83,15,34,655
2024-02-27,9,9677734.54,15,34,656
2024-02-27,10,9899196.24,15,34,657
2024-02-27,11,10265683.86,15,34,658
2024-02-27,12,10509754.99,15,34,659
2024-02-27,13,10444147.94,15,34,660
2024-02-27,14,10610753.56,15,34,661
2024-02-27,15,10834483.18,15,34,662
2024-02-27,16,10866747.13,15,34,663
2024-02-27,17,10704796.88,15,34,664
2024-02-27,18,10353575.23,15,34,665
2024-02-27,19,10657080.71,15,34,666
2024-02-27,20,10935969.17,15,34,667
2024-02-27,21,10800412.85,15,34,668
2024-02-27,22,10310048.11,15,34,669
2024-02-27,23,9651017.19,15,34,670
2024-02-27,24,9058609.45,15,34,671
2024-02-28,1,8608242.65,15,34,672
2024-02-28,2,8310349.89,15,34,673
2024-02-28,3,8080326.26,15,34,674
2024-02-28,4,7957016.89,15,34,675
2024-02-28,5,8138562.69,15,34,676
2024-02-28,6,8690655.82,15,34,677
2024-02-28,7,8765603.81,15,34,678
2024-02-28,8,9151030.95,15,34,679
2024-02-28,9,9762057.83,15,34,680
2024-02-28,10,10040461.28,15,34,681
2024-02-28,11,10446870.37,15,34,682
2024-02-28,12,10703583.76,15,34,683
2024-02-28,13,10685641.86,15,34,684
2024-02-28,14,10880161.6,15,34,685
2024-02-28,15,11103213.45,15,34,686
2024-02-28,16,11141766.99,15,34,687
2024-02-28,17,10954105.48,15,34,688
2024-02-28,18,10570440.57,15,34,689
2024-02-28,19,10895748.62,15,34,690
2024-02-28,20,11194787.18,15,34,691
2024-02-28,21,11031308.98,15,34,692
2024-02-28,22,10604323.26,15,34,693
2024-02-28,23,9958513.44,15,34,694
2024-02-28,24,9219723.09,15,34,695
2024-02-29,1,8743421.46,15,34,696
2024-02-29,2,8416437.95,15,34,697
2024-02-29,3,8181709.99,15,34,698
2024-02-29,4,8076895.32,15,34,699
2024-02-29,5,8249156.61,15,34,700
2024-02-29,6,8777903.96,15,34,701
2024-02-29,7,8866800.86,15,34,702
2024-02-29,8,9284702.54,15,34,703
2024-02-29,9,9910506.25,15,34,704
2024-02-29,10,10182963.26,15,34,705
2024-02-29,11,10479156.29,15,34,706
2024-02-29,12,10807027.65,15,34,707
2024-02-29,13,10725622.31,15,34,708
2024-02-29,14,10871773.3,15,34,709
2024-02-29,15,11136840.64,15,34,710
2024-02-29,16,11136666.43,15,34,711
2024-02-29,17,10933397.07,15,34,712
2024-02-29,18,10579745.41,15,34,713
2024-02-29,19,10968469.25,15,34,714
2024-02-29,20,11319610.29,15,34,715
2024-02-29,21,11136219.6,15,34,716
2024-02-29,22,10691407.03,15,34,717
2024-02-29,23,10075384.53,15,34,718
2024-02-29,24,9279217.37,15,34,719
2024-03-01,1,8766507.81,16,35,0
2024-03-01,2,8473511.89,16,35,1
2024-03-01,3,8278070.53,16,35,2
2024-03-01,4,8136571.69,16,35,3
2024-03-01,5,8273250.51,16,35,4
2024-03-01,6,8736454.38,16,35,5
2024-03-01,7,8730386.39,16,35,6
2024-03-01,8,9147927.88,16,35,7
2024-03-01,9,9752000.69,16,35,8
2024-03-01,10,9928920.06,16,35,9
2024-03-01,11,10313919,16,35,10
2024-03-01,12,10617642.25,16,35,11
2024-03-01,13,10548405.72,16,35,12
2024-03-01,14,10717570.85,16,35,13
2024-03-01,15,10993506.24,16,35,14
2024-03-01,16,10995459.62,16,35,15
2024-03-01,17,10805843.09,16,35,16
2024-03-01,18,10502540.98,16,35,17
2024-03-01,19,10894444.39,16,35,18
2024-03-01,20,11116490.92,16,35,19
2024-03-01,21,10918616.07,16,35,20
2024-03-01,22,10465727.38,16,35,21
2024-03-01,23,9941770.63,16,35,22
2024-03-01,24,9330428.57,16,35,23
2024-03-02,1,8762671.05,16,35,24
2024-03-02,2,8458283.06,16,35,25
2024-03-02,3,8213219.76,16,35,26
2024-03-02,4,8086536.01,16,35,27
2024-03-02,5,8094501.26,16,35,28
2024-03-02,6,8227457.18,16,35,29
2024-03-02,7,8284705.85,16,35,30
2024-03-02,8,8740715.18,16,35,31
2024-03-02,9,9363064.47,16,35,32
2024-03-02,10,9812562.42,16,35,33
2024-03-02,11,10128514.53,16,35,34
2024-03-02,12,10325103.89,16,35,35
2024-03-02,13,10287127.5,16,35,36
2024-03-02,14,10196762.59,16,35,37
2024-03-02,15,10185638.51,16,35,38
2024-03-02,16,10064338.75,16,35,39
2024-03-02,17,9960497.61,16,35,40
2024-03-02,18,9910392.33,16,35,41
2024-03-02,19,10455361.77,16,35,42
2024-03-02,20,10597482.6,16,35,43
2024-03-02,21,10300587.38,16,35,44
2024-03-02,22,9940526.57,16,35,45
2024-03-02,23,9493889.82,16,35,46
2024-03-02,24,8841170.25,16,35,47
2024-03-03,1,8435253.38,16,35,48
2024-03-03,2,8073331.08,16,35,49
2024-03-03,3,7792054.54,16,35,50
2024-03-03,4,7595585.33,16,35,51
2024-03-03,5,7462235.15,16,35,52
2024-03-03,6,7419983.34,16,35,53
2024-03-03,7,7194750.72,16,35,54
2024-03-03,8,7403124.37,16,35,55
2024-03-03,9,7655145.16,16,35,56
2024-03-03,10,8028498.86,16,35,57
2024-03-03,11,8396223.34,16,35,58
2024-03-03,12,8639433.58,16,35,59
2024-03-03,13,8758675.64,16,35,60
2024-03-03,14,8822490.21,16,35,61
2024-03-03,15,8741316.29,16,35,62
2024-03-03,16,8711305.02,16,35,63
2024-03-03,17,8697064.68,16,35,64
2024-03-03,18,8741135.7,16,35,65
2024-03-03,19,9547830.49,16,35,66
2024-03-03,20,9964388.86,16,35,67
2024-03-03,21,9906428.77,16,35,68
2024-03-03,22,9696584.37,16,35,69
2024-03-03,23,9217068.44,16,35,70
2024-03-03,24,8715118.84,16,35,71
2024-03-04,1,8222702.77,16,35,72
2024-03-04,2,8000056.54,16,35,73
2024-03-04,3,7823305.24,16,35,74
2024-03-04,4,7755170.22,16,35,75
2024-03-04,5,7899434.84,16,35,76
2024-03-04,6,8416332.14,16,35,77
2024-03-04,7,8727989.45,16,35,78
2024-03-04,8,9170699.87,16,35,79
2024-03-04,9,9691431.97,16,35,80
2024-03-04,10,10131533.97,16,35,81
2024-03-04,11,10452694.16,16,35,82
2024-03-04,12,10830816.65,16,35,83
2024-03-04,13,10752834.76,16,35,84
2024-03-04,14,10955755.34,16,35,85
2024-03-04,15,11219183.65,16,35,86
2024-03-04,16,11162250.19,16,35,87
2024-03-04,17,10957622.62,16,35,88
2024-03-04,18,10588224.79,16,35,89
2024-03-04,19,10909588.57,16,35,90
2024-03-04,20,11264744.61,16,35,91
2024-03-04,21,11147662.57,16,35,92
2024-03-04,22,10722285.03,16,35,93
2024-03-04,23,10064391.38,16,35,94
2024-03-04,24,9322441.71,16,35,95
2024-03-05,1,8674667.13,16,35,96
2024-03-05,2,8401799.78,16,35,97
2024-03-05,3,8193263.66,16,35,98
2024-03-05,4,8099726.66,16,35,99
2024-03-05,5,8252174.01,16,35,100
2024-03-05,6,8796909.61,16,35,101
2024-03-05,7,8873972.38,16,35,102
2024-03-05,8,9422120.35,16,35,103
2024-03-05,9,9962610.66,16,35,104
2024-03-05,10,10143590.92,16,35,105
2024-03-05,11,10582818,16,35,106
2024-03-05,12,10902416.04,16,35,107
2024-03-05,13,10592132.48,16,35,108
2024-03-05,14,10877460.46,16,35,109
2024-03-05,15,11185382.33,16,35,110
2024-03-05,16,11252600.58,16,35,111
2024-03-05,17,11139562.09,16,35,112
2024-03-05,18,10809226.96,16,35,113
2024-03-05,19,11208163.87,16,35,114
2024-03-05,20,11494215.1,16,35,115
2024-03-05,21,11321217.85,16,35,116
2024-03-05,22,10799971.11,16,35,117
2024-03-05,23,10142903.89,16,35,118
2024-03-05,24,9550488.31,16,35,119
2024-03-06,1,9004236.62,16,35,120
2024-03-06,2,8614785.92,16,35,121
2024-03-06,3,8381477.35,16,35,122
2024-03-06,4,8280354.67,16,35,123
2024-03-06,5,8432526.48,16,35,124
2024-03-06,6,8933046.76,16,35,125
2024-03-06,7,9153071.27,16,35,126
2024-03-06,8,9514787.59,16,35,127
2024-03-06,9,9945417.61,16,35,128
2024-03-06,10,10171080.37,16,35,129
2024-03-06,11,10513472.1,16,35,130
2024-03-06,12,10868219.18,16,35,131
2024-03-06,13,10798268.22,16,35,132
2024-03-06,14,11002402.31,16,35,133
2024-03-06,15,11257309.52,16,35,134
2024-03-06,16,11347433.43,16,35,135
2024-03-06,17,11208876.92,16,35,136
2024-03-06,18,10860972.03,16,35,137
2024-03-06,19,11334768.71,16,35,138
2024-03-06,20,11608624.69,16,35,139
2024-03-06,21,11432531.6,16,35,140
2024-03-06,22,10958006.6,16,35,141
2024-03-06,23,10194482.6,16,35,142
2024-03-06,24,9680958.71,16,35,143
2024-03-07,1,8966114.99,16,35,144
2024-03-07,2,8628357.74,16,35,145
2024-03-07,3,8373153,16,35,146
2024-03-07,4,8282859.79,16,35,147
2024-03-07,5,8442427.78,16,35,148
2024-03-07,6,8964369.95,16,35,149
2024-03-07,7,9038312.33,16,35,150
2024-03-07,8,9406853.23,16,35,151
2024-03-07,9,9995118.62,16,35,152
2024-03-07,10,10273750.75,16,35,153
2024-03-07,11,10638191.09,16,35,154
2024-03-07,12,10930472.45,16,35,155
2024-03-07,13,10938491.18,16,35,156
2024-03-07,14,11175158.15,16,35,157
2024-03-07,15,11404204.72,16,35,158
2024-03-07,16,11371657.1,16,35,159
2024-03-07,17,11190198.39,16,35,160
2024-03-07,18,10846862.73,16,35,161
2024-03-07,19,11362529.21,16,35,162
2024-03-07,20,11683245.01,16,35,163
2024-03-07,21,11484922.94,16,35,164
2024-03-07,22,10863955.8,16,35,165
2024-03-07,23,10269896.44,16,35,166
2024-03-07,24,9510601.38,16,35,167
2024-03-08,1,9169708.25,16,35,168
2024-03-08,2,8880955.04,16,35,169
2024-03-08,3,8617772.1,16,35,170
2024-03-08,4,8549990.08,16,35,171
2024-03-08,5,8589684.9,16,35,172
2024-03-08,6,9173286.83,16,35,173
2024-03-08,7,9307024.27,16,35,174
2024-03-08,8,9740144.17,16,35,175
2024-03-08,9,10158660.9,16,35,176
2024-03-08,10,10423814.5,16,35,177
2024-03-08,11,10798848.86,16,35,178
2024-03-08,12,11075043.5,16,35,179
2024-03-08,13,11047318.96,16,35,180
2024-03-08,14,11184335.31,16,35,181
2024-03-08,15,11391241.57,16,35,182
2024-03-08,16,11414004.15,16,35,183
2024-03-08,17,11235650.8,16,35,184
2024-03-08,18,10823303.22,16,35,185
2024-03-08,19,11388184.56,16,35,186
2024-03-08,20,11582066.04,16,35,187
2024-03-08,21,11348997.17,16,35,188
2024-03-08,22,10724040.59,16,35,189
2024-03-08,23,10281226.2,16,35,190
2024-03-08,24,9735200.55,16,35,191
2024-03-09,1,9252192.27,16,35,192
2024-03-09,2,8935324.69,16,35,193
2024-03-09,3,8679152.09,16,35,194
2024-03-09,4,8476745.51,16,35,195
2024-03-09,5,8472118.28,16,35,196
2024-03-09,6,8607327.76,16,35,197
2024-03-09,7,8659010.85,16,35,198
2024-03-09,8,9065687.15,16,35,199
2024-03-09,9,9641390.38,16,35,200
2024-03-09,10,10151341.15,16,35,201
2024-03-09,11,10420014.47,16,35,202
2024-03-09,12,10585832.56,16,35,203
2024-03-09,13,10464790.67,16,35,204
2024-03-09,14,10357781.92,16,35,205
2024-03-09,15,10309773.88,16,35,206
2024-03-09,16,10281404.83,16,35,207
2024-03-09,17,10134322.03,16,35,208
2024-03-09,18,10052657.49,16,35,209
2024-03-09,19,10671803.32,16,35,210
2024-03-09,20,10871815.48,16,35,211
2024-03-09,21,10573293.63,16,35,212
2024-03-09,22,10100293.06,16,35,213
2024-03-09,23,9548893.05,16,35,214
2024-03-09,24,9086349.56,16,35,215
2024-03-10,1,8624284.97,16,35,216
2024-03-10,2,8300789.78,16,35,217
2024-03-10,3,8049566.22,16,35,218
2024-03-10,4,7882469.99,16,35,219
2024-03-10,5,7795986.17,16,35,220
2024-03-10,6,7733664.41,16,35,221
2024-03-10,7,7523029.87,16,35,222
2024-03-10,8,7767221.37,16,35,223
2024-03-10,9,8089408.46,16,35,224
2024-03-10,10,8380730.37,16,35,225
2024-03-10,11,8920243.22,16,35,226
2024-03-10,12,9128434.35,16,35,227
2024-03-10,13,9237818.72,16,35,228
2024-03-10,14,9294852.57,16,35,229
2024-03-10,15,9279906.69,16,35,230
2024-03-10,16,9257148.62,16,35,231
2024-03-10,17,9204019.71,16,35,232
2024-03-10,18,9178092.85,16,35,233
2024-03-10,19,9998480.18,16,35,234
2024-03-10,20,10440737.44,16,35,235
2024-03-10,21,10383995.01,16,35,236
2024-03-10,22,10112048.72,16,35,237
2024-03-10,23,9615265.81,16,35,238
2024-03-10,24,8968428.29,16,35,239
2024-03-11,1,8752905.15,16,35,240
2024-03-11,2,8455813.11,16,35,241
2024-03-11,3,8171464.68,16,35,242
2024-03-11,4,8102714.46,16,35,243
2024-03-11,5,8288701.82,16,35,244
2024-03-11,6,8802926.71,16,35,245
2024-03-11,7,8953750.5,16,35,246
2024-03-11,8,9419327.47,16,35,247
2024-03-11,9,10059124.52,16,35,248
2024-03-11,10,10337188.09,16,35,249
2024-03-11,11,10612112.49,16,35,250
2024-03-11,12,10917809.49,16,35,251
2024-03-11,13,10779402.59,16,35,252
2024-03-11,14,10935265.22,16,35,253
2024-03-11,15,11137556.65,16,35,254
2024-03-11,16,11144140.6,16,35,255
2024-03-11,17,11022543.65,16,35,256
2024-03-11,18,10664341.9,16,35,257
2024-03-11,19,11264338.8,16,35,258
2024-03-11,20,11516402.73,16,35,259
2024-03-11,21,11366393.98,16,35,260
2024-03-11,22,10841655.3,16,35,261
2024-03-11,23,10137187.94,16,35,262
2024-03-11,24,9503478.59,16,35,263
2024-03-12,1,8894570.61,16,35,264
2024-03-12,2,8624154.03,16,35,265
2024-03-12,3,8405390.28,16,35,266
2024-03-12,4,8281198.79,16,35,267
2024-03-12,5,8443355.28,16,35,268
2024-03-12,6,8950687.23,16,35,269
2024-03-12,7,9052283.25,16,35,270
2024-03-12,8,9465500.03,16,35,271
2024-03-12,9,9919787.67,16,35,272
2024-03-12,10,10307753.82,16,35,273
2024-03-12,11,10738772.09,16,35,274
2024-03-12,12,11050304.08,16,35,275
2024-03-12,13,11065564.48,16,35,276
2024-03-12,14,11209262.93,16,35,277
2024-03-12,15,11448180.42,16,35,278
2024-03-12,16,11502496.65,16,35,279
2024-03-12,17,11428227.03,16,35,280
2024-03-12,18,11024507.86,16,35,281
2024-03-12,19,11403597.03,16,35,282
2024-03-12,20,11655733.15,16,35,283
2024-03-12,21,11488328.04,16,35,284
2024-03-12,22,10990155.08,16,35,285
2024-03-12,23,10307938.12,16,35,286
2024-03-12,24,9579128,16,35,287
2024-03-13,1,9053278.93,16,35,288
2024-03-13,2,8712602.43,16,35,289
2024-03-13,3,8524920.94,16,35,290
2024-03-13,4,8381272.25,16,35,291
2024-03-13,5,8551064.44,16,35,292
2024-03-13,6,9054438.49,16,35,293
2024-03-13,7,9144509.13,16,35,294
2024-03-13,8,9650447.44,16,35,295
2024-03-13,9,10157519.2,16,35,296
2024-03-13,10,10473615.25,16,35,297
2024-03-13,11,10807707.16,16,35,298
2024-03-13,12,11022798.49,16,35,299
2024-03-13,13,10940980.31,16,35,300
2024-03-13,14,11162503.12,16,35,301
2024-03-13,15,11445998.97,16,35,302
2024-03-13,16,11461186.37,16,35,303
2024-03-13,17,11386705.11,16,35,304
2024-03-13,18,10996125.71,16,35,305
2024-03-13,19,11360972.11,16,35,306
2024-03-13,20,11630048.43,16,35,307
2024-03-13,21,11441643.53,16,35,308
2024-03-13,22,10974880.96,16,35,309
2024-03-13,23,10342904.05,16,35,310
2024-03-13,24,9706424.34,16,35,311
2024-03-14,1,9182939.35,16,35,312
2024-03-14,2,8826874.79,16,35,313
2024-03-14,3,8617011.08,16,35,314
2024-03-14,4,8481455.11,16,35,315
2024-03-14,5,8612692.35,16,35,316
2024-03-14,6,9126966.47,16,35,317
2024-03-14,7,9257447.41,16,35,318
2024-03-14,8,9669191.14,16,35,319
2024-03-14,9,10220827.07,16,35,320
2024-03-14,10,10474087.25,16,35,321
2024-03-14,11,10898431.76,16,35,322
2024-03-14,12,11149132.85,16,35,323
2024-03-14,13,11102700.83,16,35,324
2024-03-14,14,11272011.74,16,35,325
2024-03-14,15,11468978.99,16,35,326
2024-03-14,16,11496289.52,16,35,327
2024-03-14,17,11301606.83,16,35,328
2024-03-14,18,10938180.46,16,35,329
2024-03-14,19,11279348.62,16,35,330
2024-03-14,20,11519812.37,16,35,331
2024-03-14,21,11375031.1,16,35,332
2024-03-14,22,10984508.51,16,35,333
2024-03-14,23,10386626.86,16,35,334
2024-03-14,24,9766731.88,16,35,335
2024-03-15,1,9174494.54,16,35,336
2024-03-15,2,8825041.12,16,35,337
2024-03-15,3,8596822.98,16,35,338
2024-03-15,4,8500088.7,16,35,339
2024-03-15,5,8636440.64,16,35,340
2024-03-15,6,9130664.29,16,35,341
2024-03-15,7,9233934.7,16,35,342
2024-03-15,8,9679487.57,16,35,343
2024-03-15,9,10140479.56,16,35,344
2024-03-15,10,10534232.82,16,35,345
2024-03-15,11,10921751.45,16,35,346
2024-03-15,12,11187893.55,16,35,347
2024-03-15,13,11064411.01,16,35,348
2024-03-15,14,11225699.67,16,35,349
2024-03-15,15,11464558.09,16,35,350
2024-03-15,16,11482580.55,16,35,351
2024-03-15,17,11253382.91,16,35,352
2024-03-15,18,10865802.15,16,35,353
2024-03-15,19,11277677.94,16,35,354
2024-03-15,20,11477575.08,16,35,355
2024-03-15,21,11293321.35,16,35,356
2024-03-15,22,10909994.91,16,35,357
2024-03-15,23,10410606.04,16,35,358
2024-03-15,24,9794844.87,16,35,359
2024-03-16,1,9245838.79,16,35,360
2024-03-16,2,8905537.3,16,35,361
2024-03-16,3,8653405.61,16,35,362
2024-03-16,4,8501094.26,16,35,363
2024-03-16,5,8477835.34,16,35,364
2024-03-16,6,8615289.21,16,35,365
2024-03-16,7,8713644.28,16,35,366
2024-03-16,8,9216174.71,16,35,367
2024-03-16,9,9812801.1,16,35,368
2024-03-16,10,10175546.08,16,35,369
2024-03-16,11,10512053.72,16,35,370
2024-03-16,12,10784278.96,16,35,371
2024-03-16,13,10723733.31,16,35,372
2024-03-16,14,10653125.46,16,35,373
2024-03-16,15,10566053.09,16,35,374
2024-03-16,16,10501360.03,16,35,375
2024-03-16,17,10329184.86,16,35,376
2024-03-16,18,10220078.89,16,35,377
2024-03-16,19,10967216.52,16,35,378
2024-03-16,20,11133349.17,16,35,379
2024-03-16,21,10837656.06,16,35,380
2024-03-16,22,10272837.79,16,35,381
2024-03-16,23,9831743.01,16,35,382
2024-03-16,24,9308833.06,16,35,383
2024-03-17,1,8849673.16,16,35,384
2024-03-17,2,8528671.7,16,35,385
2024-03-17,3,8274469.38,16,35,386
2024-03-17,4,8074183.07,16,35,387
2024-03-17,5,7936565.59,16,35,388
2024-03-17,6,7836346.56,16,35,389
2024-03-17,7,7610549.58,16,35,390
2024-03-17,8,7821055.18,16,35,391
2024-03-17,9,8132226.49,16,35,392
2024-03-17,10,8525647.1,16,35,393
2024-03-17,11,8836585.4,16,35,394
2024-03-17,12,9055881.21,16,35,395
2024-03-17,13,9271738.53,16,35,396
2024-03-17,14,9274397.75,16,35,397
2024-03-17,15,9241015.2,16,35,398
2024-03-17,16,9198308.46,16,35,399
2024-03-17,17,9187226.8,16,35,400
2024-03-17,18,9168509,16,35,401
2024-03-17,19,9935540.63,16,35,402
2024-03-17,20,10382357.82,16,35,403
2024-03-17,21,10342881.91,16,35,404
2024-03-17,22,10145356.87,16,35,405
2024-03-17,23,9651479,16,35,406
2024-03-17,24,9140674.32,16,35,407
2024-03-18,1,8681985.67,16,35,408
2024-03-18,2,8401961.21,16,35,409
2024-03-18,3,8196886.94,16,35,410
2024-03-18,4,8083398.46,16,35,411
2024-03-18,5,8235637.37,16,35,412
2024-03-18,6,8747317.51,16,35,413
2024-03-18,7,8876567.7,16,35,414
2024-03-18,8,9391156.75,16,35,415
2024-03-18,9,10042226.37,16,35,416
2024-03-18,10,10405098.04,16,35,417
2024-03-18,11,10764860.51,16,35,418
2024-03-18,12,10962725.86,16,35,419
2024-03-18,13,10914450.1,16,35,420
2024-03-18,14,11147987.32,16,35,421
2024-03-18,15,11343587.38,16,35,422
2024-03-18,16,11364593.86,16,35,423
2024-03-18,17,11204983.3,16,35,424
2024-03-18,18,10919264.91,16,35,425
2024-03-18,19,11486527.36,16,35,426
2024-03-18,20,11746388.47,16,35,427
2024-03-18,21,11583785.81,16,35,428
2024-03-18,22,11035159.28,16,35,429
2024-03-18,23,10365194.93,16,35,430
2024-03-18,24,9653495.21,16,35,431
2024-03-19,1,9153380.83,16,35,432
2024-03-19,2,8853186.09,16,35,433
2024-03-19,3,8597055.04,16,35,434
2024-03-19,4,8453633.02,16,35,435
2024-03-19,5,8615643.56,16,35,436
2024-03-19,6,9111034.5,16,35,437
2024-03-19,7,9225562.46,16,35,438
2024-03-19,8,9630565.23,16,35,439
2024-03-19,9,10136867.35,16,35,440
2024-03-19,10,10420494.16,16,35,441
2024-03-19,11,10795857.28,16,35,442
2024-03-19,12,11129331.24,16,35,443
2024-03-19,13,11059129.68,16,35,444
2024-03-19,14,11202494.07,16,35,445
2024-03-19,15,11306598.37,16,35,446
2024-03-19,16,11323215.84,16,35,447
2024-03-19,17,11131773.83,16,35,448
2024-03-19,18,10799820.18,16,35,449
2024-03-19,19,11238355.09,16,35,450
2024-03-19,20,11441388.16,16,35,451
2024-03-19,21,11315981.97,16,35,452
2024-03-19,22,10890791.89,16,35,453
2024-03-19,23,10103087.9,16,35,454
2024-03-19,24,9489806.31,16,35,455
2024-03-20,1,8961445.88,16,35,456
2024-03-20,2,8616417.26,16,35,457
2024-03-20,3,8424192.48,16,35,458
2024-03-20,4,8319693.02,16,35,459
2024-03-20,5,8461098.69,16,35,460
2024-03-20,6,8955702.9,16,35,461
2024-03-20,7,9083168.13,16,35,462
2024-03-20,8,9452954.99,16,35,463
2024-03-20,9,10031834.08,16,35,464
2024-03-20,10,10288900.78,16,35,465
2024-03-20,11,10686047.49,16,35,466
2024-03-20,12,10989082.81,16,35,467
2024-03-20,13,10970675.69,16,35,468
2024-03-20,14,11109085.92,16,35,469
2024-03-20,15,11272205.49,16,35,470
2024-03-20,16,11272951.81,16,35,471
2024-03-20,17,11096436.15,16,35,472
2024-03-20,18,10834057.04,16,35,473
2024-03-20,19,11219975.79,16,35,474
2024-03-20,20,11421053.42,16,35,475
2024-03-20,21,11241308.08,16,35,476
2024-03-20,22,10706637.49,16,35,477
2024-03-20,23,10058361.13,16,35,478
2024-03-20,24,9549078.38,16,35,479
2024-03-21,1,8894093.03,16,35,480
2024-03-21,2,8610232.75,16,35,481
2024-03-21,3,8358198.77,16,35,482
2024-03-21,4,8225684.2,16,35,483
2024-03-21,5,8408858.16,16,35,484
2024-03-21,6,8891551.29,16,35,485
2024-03-21,7,9041240.66,16,35,486
2024-03-21,8,9436640.38,16,35,487
2024-03-21,9,9878660.25,16,35,488
2024-03-21,10,10269089.34,16,35,489
2024-03-21,11,10573324.54,16,35,490
2024-03-21,12,10849499.96,16,35,491
2024-03-21,13,10806531.89,16,35,492
2024-03-21,14,10935086.88,16,35,493
2024-03-21,15,11173545.31,16,35,494
2024-03-21,16,11248881.3,16,35,495
2024-03-21,17,11080922.87,16,35,496
2024-03-21,18,10658679.2,16,35,497
2024-03-21,19,11175322.88,16,35,498
2024-03-21,20,11329257.86,16,35,499
2024-03-21,21,11179695.94,16,35,500
2024-03-21,22,10688904.56,16,35,501
2024-03-21,23,10089558.49,16,35,502
2024-03-21,24,9466731.36,16,35,503
2024-03-22,1,8931894.86,16,35,504
2024-03-22,2,8598362.34,16,35,505
2024-03-22,3,8395139.98,16,35,506
2024-03-22,4,8296228.69,16,35,507
2024-03-22,5,8448354.22,16,35,508
2024-03-22,6,8873181.04,16,35,509
2024-03-22,7,8996380.11,16,35,510
2024-03-22,8,9401831.98,16,35,511
2024-03-22,9,9893652.98,16,35,512
2024-03-22,10,10175142.86,16,35,513
2024-03-22,11,10502524.37,16,35,514
2024-03-22,12,10825022.93,16,35,515
2024-03-22,13,10842716.19,16,35,516
2024-03-22,14,10987487.32,16,35,517
2024-03-22,15,11218960.99,16,35,518
2024-03-22,16,11240346.84,16,35,519
2024-03-22,17,11089582.95,16,35,520
2024-03-22,18,10709388.1,16,35,521
2024-03-22,19,11240367.4,16,35,522
2024-03-22,20,11646844.26,16,35,523
2024-03-22,21,11487728.48,16,35,524
2024-03-22,22,10871979.5,16,35,525
2024-03-22,23,10259843.07,16,35,526
2024-03-22,24,9634809.24,16,35,527
2024-03-23,1,9197669.26,16,35,528
2024-03-23,2,8888184.08,16,35,529
2024-03-23,3,8702443.9,16,35,530
2024-03-23,4,8547222.14,16,35,531
2024-03-23,5,8531091.6,16,35,532
2024-03-23,6,8419411.68,16,35,533
2024-03-23,7,8496368.08,16,35,534
2024-03-23,8,9021821.89,16,35,535
2024-03-23,9,9550715.07,16,35,536
2024-03-23,10,9978403.59,16,35,537
2024-03-23,11,10248192.09,16,35,538
2024-03-23,12,10462506.34,16,35,539
2024-03-23,13,10424162.99,16,35,540
2024-03-23,14,10355140.31,16,35,541
2024-03-23,15,10313552.66,16,35,542
2024-03-23,16,10179050.75,16,35,543
2024-03-23,17,10038373.41,16,35,544
2024-03-23,18,10019090.27,16,35,545
2024-03-23,19,10697244.22,16,35,546
2024-03-23,20,10853929.2,16,35,547
2024-03-23,21,10564789.9,16,35,548
2024-03-23,22,10258559.47,16,35,549
2024-03-23,23,9801565.44,16,35,550
2024-03-23,24,9356170.97,16,35,551
2024-03-24,1,8860367.23,16,35,552
2024-03-24,2,8484946.07,16,35,553
2024-03-24,3,8229146.62,16,35,554
2024-03-24,4,8085837.65,16,35,555
2024-03-24,5,7936093.43,16,35,556
2024-03-24,6,7908100.24,16,35,557
2024-03-24,7,7605973.06,16,35,558
2024-03-24,8,7909427.62,16,35,559
2024-03-24,9,8311268.84,16,35,560
2024-03-24,10,8691454.42,16,35,561
2024-03-24,11,8924632.29,16,35,562
2024-03-24,12,9149814.52,16,35,563
2024-03-24,13,9322489.6,16,35,564
2024-03-24,14,9397976.7,16,35,565
2024-03-24,15,9372577.2,16,35,566
2024-03-24,16,9346039.43,16,35,567
2024-03-24,17,9250241.13,16,35,568
2024-03-24,18,9187164.27,16,35,569
2024-03-24,19,10000470.45,16,35,570
2024-03-24,20,10313388.54,16,35,571
2024-03-24,21,10219300.43,16,35,572
2024-03-24,22,9938538.11,16,35,573
2024-03-24,23,9584925.86,16,35,574
2024-03-24,24,9142939.42,16,35,575
2024-03-25,1,8505290.36,16,35,576
2024-03-25,2,8335641.09,16,35,577
2024-03-25,3,8159721.02,16,35,578
2024-03-25,4,7897009.27,16,35,579
2024-03-25,5,7810460.36,16,35,580
2024-03-25,6,7828165.51,16,35,581
2024-03-25,7,7761245.3,16,35,582
2024-03-25,8,8197969.42,16,35,583
2024-03-25,9,8776422.44,16,35,584
2024-03-25,10,9157206.15,16,35,585
2024-03-25,11,9345016.8,16,35,586
2024-03-25,12,9652815.46,16,35,587
2024-03-25,13,9766614.09,16,35,588
2024-03-25,14,9777361.85,16,35,589
2024-03-25,15,9713019.32,16,35,590
2024-03-25,16,9700608.84,16,35,591
2024-03-25,17,9636545.77,16,35,592
2024-03-25,18,9567800.61,16,35,593
2024-03-25,19,10320742.26,16,35,594
2024-03-25,20,10621076.02,16,35,595
2024-03-25,21,10482994.35,16,35,596
2024-03-25,22,10097726.2,16,35,597
2024-03-25,23,9650839.31,16,35,598
2024-03-25,24,9143945.62,16,35,599
2024-03-26,1,8660963.12,16,35,600
2024-03-26,2,8396269.93,16,35,601
2024-03-26,3,8175809.49,16,35,602
2024-03-26,4,8061596.71,16,35,603
2024-03-26,5,8182205.31,16,35,604
2024-03-26,6,8388921.6,16,35,605
2024-03-26,7,8538435.96,16,35,606
2024-03-26,8,8907335.46,16,35,607
2024-03-26,9,9631167.04,16,35,608
2024-03-26,10,9949117.45,16,35,609
2024-03-26,11,10262774.22,16,35,610
2024-03-26,12,10797943.52,16,35,611
2024-03-26,13,10859928.11,16,35,612
2024-03-26,14,11054985.54,16,35,613
2024-03-26,15,11293332.67,16,35,614
2024-03-26,16,11362350.81,16,35,615
2024-03-26,17,11109518.87,16,35,616
2024-03-26,18,10586898.09,16,35,617
2024-03-26,19,10896757.96,16,35,618
2024-03-26,20,11145900.91,16,35,619
2024-03-26,21,10927650.36,16,35,620
2024-03-26,22,10578202,16,35,621
2024-03-26,23,10057231.17,16,35,622
2024-03-26,24,9363505.84,16,35,623
2024-03-27,1,8606441.4,16,35,624
2024-03-27,2,8299914.59,16,35,625
2024-03-27,3,8064950.84,16,35,626
2024-03-27,4,7917867.32,16,35,627
2024-03-27,5,8093824.15,16,35,628
2024-03-27,6,8313425.9,16,35,629
2024-03-27,7,8455661.07,16,35,630
2024-03-27,8,8967295.11,16,35,631
2024-03-27,9,9473158.11,16,35,632
2024-03-27,10,9699884.17,16,35,633
2024-03-27,11,9928048.47,16,35,634
2024-03-27,12,10092234.14,16,35,635
2024-03-27,13,10148542.31,16,35,636
2024-03-27,14,10154532.92,16,35,637
2024-03-27,15,10229616.19,16,35,638
2024-03-27,16,10195355.04,16,35,639
2024-03-27,17,9981969.42,16,35,640
2024-03-27,18,9803741.97,16,35,641
2024-03-27,19,10319593.86,16,35,642
2024-03-27,20,10472469.64,16,35,643
2024-03-27,21,10310328.83,16,35,644
2024-03-27,22,9903517.2,16,35,645
2024-03-27,23,9445311.75,16,35,646
2024-03-27,24,8993723.42,16,35,647
2024-03-28,1,8516547.07,16,35,648
2024-03-28,2,8187431.68,16,35,649
2024-03-28,3,7923203.73,16,35,650
2024-03-28,4,7878953.04,16,35,651
2024-03-28,5,7787378.34,16,35,652
2024-03-28,6,7775287.22,16,35,653
2024-03-28,7,7577850.23,16,35,654
2024-03-28,8,7830292.14,16,35,655
2024-03-28,9,8084168.03,16,35,656
2024-03-28,10,8363243.9,16,35,657
2024-03-28,11,8656967.2,16,35,658
2024-03-28,12,8891772.6,16,35,659
2024-03-28,13,8928610.72,16,35,660
2024-03-28,14,8942648.95,16,35,661
2024-03-28,15,8863357.74,16,35,662
2024-03-28,16,8692515.32,16,35,663
2024-03-28,17,8479766.08,16,35,664
2024-03-28,18,8629072.97,16,35,665
2024-03-28,19,9340441.44,16,35,666
2024-03-28,20,9603752.91,16,35,667
2024-03-28,21,9458509.29,16,35,668
2024-03-28,22,9217417.22,16,35,669
2024-03-28,23,8899254.46,16,35,670
2024-03-28,24,8427684.62,16,35,671
2024-03-29,1,7976864.5,16,35,672
2024-03-29,2,7637701.52,16,35,673
2024-03-29,3,7424817.52,16,35,674
2024-03-29,4,7488672.2,16,35,675
2024-03-29,5,7446163.18,16,35,676
2024-03-29,6,7362648.66,16,35,677
2024-03-29,7,7163329.53,16,35,678
2024-03-29,8,7403284.71,16,35,679
2024-03-29,9,7653498.3,16,35,680
2024-03-29,10,7891832.85,16,35,681
2024-03-29,11,8125846.06,16,35,682
2024-03-29,12,8361927.73,16,35,683
2024-03-29,13,8533732.59,16,35,684
2024-03-29,14,8588643.83,16,35,685
2024-03-29,15,8646515.58,16,35,686
2024-03-29,16,8579160.8,16,35,687
2024-03-29,17,8488514.29,16,35,688
2024-03-29,18,8438891.12,16,35,689
2024-03-29,19,9037120.54,16,35,690
2024-03-29,20,9253564.62,16,35,691
2024-03-29,21,9225136.06,16,35,692
2024-03-29,22,9085372.47,16,35,693
2024-03-29,23,8891976.76,16,35,694
2024-03-29,24,8491258.99,16,35,695
2024-03-30,1,8206895.93,16,35,696
2024-03-30,2,7951790.79,16,35,697
2024-03-30,3,7565110.76,16,35,698
2024-03-30,4,7593105.83,16,35,699
2024-03-30,5,7530910.75,16,35,700
2024-03-30,6,7478035.22,16,35,701
2024-03-30,7,7466526.35,16,35,702
2024-03-30,8,7867771.6,16,35,703
2024-03-30,9,8473864.39,16,35,704
2024-03-30,10,8812336.08,16,35,705
2024-03-30,11,9163883.21,16,35,706
2024-03-30,12,9323964.7,16,35,707
2024-03-30,13,9482758.49,16,35,708
2024-03-30,14,9527852.59,16,35,709
2024-03-30,15,9498637.79,16,35,710
2024-03-30,16,9464695.85,16,35,711
2024-03-30,17,9374681.66,16,35,712
2024-03-30,18,9345827.15,16,35,713
2024-03-30,19,9969917.22,16,35,714
2024-03-30,20,10167714.06,16,35,715
2024-03-30,21,9908249.94,16,35,716
2024-03-30,22,9612868.17,16,35,717
2024-03-30,23,9239873.3,16,35,718
2024-03-30,24,8828962.01,16,35,719
